imu_ax, imu_ay, kf_ax, kf_ay, kf_vx, kf_w, kf_x, kf_y, stamp, 
-0.0030350685119628906, 0.009488463401794434, -0.0023602916715576732, 5.308230188030942e-11, -0.00021330761747581924, -2.488532876062285e-07, 0.0010135925304684146, 3.5603685741030016e-14, 1732915486057839348, 
0.016663849353790283, 0.030929148197174072, 0.012214904323664157, -2.486515029395766e-10, 4.721688887104994e-05, -5.266156006564679e-06, -0.00048491383229086276, 2.4090691935131478e-11, 1732915486107767679, 
0.031042635440826416, 0.012730121612548828, 0.026621577756004787, -3.285685358403772e-10, 0.0003829933830109656, -8.57896116265199e-07, -0.0009007204758780384, 5.494910318111199e-11, 1732915486150809988, 
0.009417057037353516, 0.01778733730316162, 0.013438364381718105, 3.1054329724727178e-09, 0.0006361593750696345, 4.881532983983447e-06, -0.0008605614700622849, 9.737693098273592e-11, 1732915486198882686, 
0.011268317699432373, 0.0032290220260620117, 0.011768457216105501, 1.1936152227864e-09, 0.0004535413393182931, 2.631767204684128e-06, -0.0008417143670751357, 6.773450194257134e-11, 1732915486249749236, 
-0.035640597343444824, 0.02233809232711792, -0.024529241334058007, 1.3881832672437692e-09, 0.00017094234129699532, 8.120769007322409e-06, -0.0008015785469465433, 3.7967167484642367e-11, 1732915486297452912, 
-0.0053958892822265625, -0.013022005558013916, -0.00987299410023646, -3.9393036456654635e-11, -0.00044915753142607214, 8.770427678587957e-08, -0.0007406520058623381, -1.2954055920275295e-11, 1732915486359136479, 
-0.010629773139953613, -0.0119246244430542, -0.01044589771746343, -1.3759221108149934e-09, -0.00033973099957670147, 4.050034034366504e-06, -0.000751587948992191, -1.7865074620870645e-11, 1732915486410751377, 
0.031032323837280273, 0.007187962532043457, 0.02131587196145878, 2.0177988595330108e-10, -0.00020897906232718007, -9.655507288926013e-07, -0.0007784317102092533, -1.3799447563024404e-11, 1732915486550748210, 
-0.010439038276672363, -0.011516749858856201, -0.0029999889653695468, 4.779451890218318e-10, 0.000300841318177456, 1.5886953026176685e-06, -0.0008305194489319717, -4.1064076417364485e-11, 1732915486651757890, 
-0.019231021404266357, -0.00801539421081543, -0.015424417203086689, 1.0879235390113428e-10, -7.217459089109781e-05, -1.507349782768952e-06, -0.0007920957082508499, -2.3481374958640305e-11, 1732915486760513920, 
0.02097630500793457, 0.02748727798461914, 0.012446604006772069, 4.0664332854781444e-10, -0.000216154555298593, -1.8812618960821012e-06, -0.0007780768050867474, -1.4950492712438697e-11, 1732915486857792510, 
-0.0527992844581604, 0.0005102753639221191, -0.03750207242702115, 2.5738353894528138e-11, -4.923865610178928e-05, -5.22726571605045e-07, -0.0007944403521232144, -2.1204099723915497e-11, 1732915486950742335, 
-0.006508588790893555, -0.006769239902496338, -0.013760435790564528, -1.0182083397317594e-10, -0.0007517664450184067, 1.3544211057555632e-07, -0.000724168507842611, -2.574710530910963e-13, 1732915487051765473, 
0.052118897438049316, 0.0002651810646057129, 0.03667801160274543, 3.202100072201267e-11, -0.00020521377191848366, -1.560372894209666e-07, -0.000778840444417479, -1.3200420168745778e-11, 1732915487159582599, 
-0.020166516304016113, 0.011360347270965576, -0.006850545138764659, -1.1000795278665684e-09, 0.0005604801420369576, -1.9627448777552407e-06, -0.0008557123064898323, -3.073770506950504e-11, 1732915487258779713, 
-0.008097171783447266, 0.007868289947509766, -0.007804270847652796, -9.677207304853223e-11, -3.392579817864854e-05, 2.8524626757178693e-06, -0.000796546361824259, -1.9314667733613546e-11, 1732915487349757282, 
0.013346076011657715, -0.012606322765350342, 0.008389413677318283, -8.428700854986545e-11, -9.665091773635251e-05, 8.720766499060699e-07, -0.0007902811625191786, -1.8734429380430113e-11, 1732915487448770197, 
0.002550780773162842, 0.001709580421447754, 0.003916772867266876, -1.648469497253301e-12, 0.00014817706363800067, -1.112499773433588e-08, -0.0008148130637082255, -2.6436482271302132e-11, 1732915487548374176, 
-0.02580702304840088, 0.00610506534576416, -0.01883845390081306, -3.6359968630704615e-12, -5.690693616998074e-06, 6.389373787774757e-07, -0.0007994474281629768, -2.0702778130425223e-11, 1732915487659873120, 
0.021995961666107178, -0.03129255771636963, 0.01242766933546724, -7.443714833244907e-11, -0.0002606695892564011, 2.855613059612828e-07, -0.0007739666950068174, -9.936513411331433e-12, 1732915487749763644, 
0.01229560375213623, 0.004513859748840332, 0.01232221270136282, -1.8651948279773367e-10, 0.00022924547249072189, -8.136234088779335e-07, -0.0008229537062433269, -3.256781668875279e-11, 1732915487848821130, 
0.05191987752914429, -0.015190839767456055, 0.04262674503319154, -1.4303515563323406e-09, 0.0005180482488638994, -2.761039265105439e-06, -0.000851831156659877, -4.607983063126847e-11, 1732915487959335016, 
0.008310079574584961, -0.011680305004119873, 0.016336518023245445, -5.141526618452157e-09, 0.0009771758004757962, -5.261618857066148e-06, -0.0008980811230084086, -6.490789854962605e-11, 1732915488058771390, 
-0.029475092887878418, -0.011585474014282227, -0.018742594734925972, -4.000480927179448e-09, 0.00040498638646452355, -9.878062722312979e-06, -0.0008416905221187077, -7.194697643251526e-11, 1732915488149766263, 
0.03373080492019653, -0.002620697021484375, 0.021431031604609036, 3.4235463369062854e-10, -0.00011105099760990627, -3.082859596572313e-06, -0.0007900264973663204, -1.0702740651821796e-10, 1732915488249862261, 
-0.013084113597869873, -0.00819927453994751, -0.004998466407240068, 2.815866204468756e-12, 0.000321693791762479, 8.753250067529549e-09, -0.0008332422268951684, -4.6391993898088804e-11, 1732915488349353290, 
0.0018828511238098145, -0.013237476348876953, 0.0002699373033320804, 5.4841558859462276e-11, -1.709536127832064e-05, -3.207978934555142e-06, -0.0007970404041557067, -1.0851411715657838e-10, 1732915488459939782, 
-0.005064427852630615, -0.008680641651153564, -0.003813470010988541, 1.2996923970080272e-11, -2.035726919008461e-05, -6.384414259458075e-07, -0.0007966148989334211, -1.0883770984354448e-10, 1732915488549761175, 
0.013159751892089844, 0.010206818580627441, 0.009180907080078097, 4.389504343126269e-12, -1.884649343572109e-05, -2.3290827856637413e-07, -0.0007967636437440915, -1.0903211110790644e-10, 1732915488649861691, 
-0.044399142265319824, -0.014359772205352783, -0.03183728873516986, -5.56995375907186e-12, -2.760810053848209e-05, 2.0175070542459346e-07, -0.0007959649061457629, -1.0953670005694314e-10, 1732915488759931789, 
0.008071541786193848, -0.012396037578582764, -0.001273829087874552, -2.2726979213721455e-10, -0.0005734181349011779, 3.9634217738227256e-07, -0.0007414463676981785, -2.2235311547198588e-10, 1732915488859789499, 
-0.006300985813140869, -0.012531578540802002, -0.005118876903001309, -1.0524014007524627e-09, -0.0001863723334369667, 5.6467683874784835e-06, -0.0007801787519643028, -1.4537698578182522e-10, 1732915488949810595, 
0.011549890041351318, 0.008478879928588867, 0.007643752328569099, -1.632206688012673e-11, -8.92903631625429e-05, 1.827976312562899e-07, -0.0007898781927408907, -1.2628561288755845e-10, 1732915489049787433, 
-0.017049312591552734, -0.0011211037635803223, -0.011261175685580584, 8.751955271000952e-12, 4.827605398388733e-05, 1.8128978134629675e-07, -0.0008036378893490661, -1.0712467998081426e-10, 1732915489149929643, 
0.022886574268341064, -0.008786797523498535, 0.014882872777659664, 2.1783685260965534e-11, -0.00010064504258384672, -2.1644071781099093e-07, -0.0007887269083999387, -1.2789035744817078e-10, 1732915489258834101, 
-0.03902322053909302, 0.01604515314102173, -0.02638707826899593, -1.077629667161197e-10, 8.552022193081851e-05, -1.2600875475193977e-06, -0.0008074021582967801, -1.0166149472866246e-10, 1732915489349783012, 
0.01455146074295044, -0.004010021686553955, 0.0049616475082936914, 2.2768954620101593e-10, -0.0004140651592219246, -5.498882026898143e-07, -0.0007575799213581123, -1.7491405181391187e-10, 1732915489449942652, 
0.010990381240844727, -0.002300262451171875, 0.009576130235780916, 2.7613541790214584e-11, 4.5949123073962246e-05, 6.009590595617309e-07, -0.0008035625889531206, -1.0271617490577605e-10, 1732915489560544061, 
-0.000602424144744873, 0.023178398609161377, 0.0017802372738988702, 1.8142171770199914e-10, 0.0001897254228051229, 9.56233039408467e-07, -0.0008179413106337899, -7.982988189972689e-11, 1732915489659836759, 
-0.033442556858062744, 0.005656838417053223, -0.02518357193902732, -7.363093197648692e-11, -7.040537627616019e-05, 1.0458140538539941e-06, -0.0007919372391078267, -1.1986886945786177e-10, 1732915489749790595, 
-0.008475005626678467, 0.0022609829902648926, -0.01238206522494488, -6.558684942565402e-11, -0.0005318888332810391, 1.2330931826688544e-07, -0.0007457721293086707, -1.871420163234427e-10, 1732915489849801878, 
0.011153817176818848, 0.009092092514038086, 0.005641935887514743, 1.1376707605675554e-09, -0.00030970955545066184, -3.6733473040963103e-06, -0.0007679941801266865, -1.5596888422649705e-10, 1732915489949228071, 
-0.0013007521629333496, 0.0068128108978271484, 0.0003263509006893204, -7.092139424792323e-11, 2.8637777724803832e-05, -2.47649782498649e-06, -0.0008018154623695709, -1.0699643019496348e-10, 1732915490059831562, 
0.009456872940063477, -0.008242011070251465, 0.00731526730621322, -4.1800984781168826e-11, 5.490907367876591e-05, -7.612764517885837e-07, -0.0008044398902444841, -1.0317978212503496e-10, 1732915490149778306, 
0.03400665521621704, -0.002646207809448242, 0.027743362695117145, -8.771572955478659e-11, 0.00030277442430870266, -2.89706535666148e-07, -0.0008292290525958516, -5.691610980305484e-11, 1732915490249883653, 
-0.005697429180145264, -0.0017368793487548828, 0.002131589330324677, -2.6896518961349524e-10, 0.0005716416500533695, -4.705136331272995e-07, -0.0008561223879088577, -2.859936830247545e-12, 1732915490349107002, 
0.015390217304229736, -0.0017128586769104004, 0.012277242643186172, -2.0873347771145073e-10, 0.00024274134985678177, -8.599007867205327e-07, -0.000823173841726968, -7.213847674262447e-11, 1732915490459808800, 
0.03150057792663574, 0.007528126239776611, 0.026985715185144234, 5.136788472750647e-10, 0.0004289982377831433, 1.1973915089477059e-06, -0.0008418040221025621, -3.262349807347808e-11, 1732915490549804891, 
0.02260059118270874, -0.0017690658569335938, 0.02361503662439409, -2.1453472926861658e-10, 0.0007144113684611482, -3.0029579418749635e-07, -0.0008703703430980957, 2.7972913596108642e-11, 1732915490649816223, 
-0.007688403129577637, 0.02630901336669922, -0.0003605921040516838, 8.300326035558008e-09, 0.0005796831692395673, 1.431872870562455e-05, -0.0008569829473237051, 9.501614343544246e-12, 1732915490749704016, 
0.005168497562408447, 0.010862231254577637, 0.0038693785165671672, 1.2204666429603108e-09, 0.0001518886731479699, 8.035270949870847e-06, -0.0008142506365580402, -6.365783648510476e-11, 1732915490859842084, 
-0.015189886093139648, -0.0007287263870239258, -0.01072241067452314, 7.451726467509073e-11, 4.1420780138278e-05, 1.7990309314871504e-06, -0.0008031956731396432, -7.151598930194829e-11, 1732915490949851451, 
-0.020759880542755127, 0.011976778507232666, -0.018401277766587325, -2.287939925801183e-10, -0.00028543766471803586, 8.015550183474493e-07, -0.0007705385732432915, -7.32553363096087e-11, 1732915491049943932, 
0.008076310157775879, -0.009165525436401367, 0.0018761136759191527, -8.326294533268302e-10, -0.0003800602230030312, 2.1907829415765763e-06, -0.0007610808548895819, -7.182615107349732e-11, 1732915491159085775, 
-0.002584695816040039, -0.004752635955810547, -0.0015376703067937099, -1.2304628288590937e-10, -6.488291654168965e-05, 1.8964357560413859e-06, -0.0007925813734994433, -8.641557712609939e-11, 1732915491259841162, 
0.0010016560554504395, -0.00023233890533447266, 0.0004070927180013569, -1.8196042225372304e-11, -3.9891036749104344e-05, 4.561436279487234e-07, -0.0007950813354360313, -8.80433874448213e-11, 1732915491349802536, 
-0.024080276489257812, -0.010923027992248535, -0.018337383441517047, -4.785387339298975e-11, -0.00010863152944995841, 4.405155081152921e-07, -0.0007882076413731355, -8.375370725067024e-11, 1732915491449811183, 
-0.007097423076629639, -0.019757211208343506, -0.009724843827384049, -7.065435475905088e-10, -0.0004045786265998209, 1.746368940763075e-06, -0.0007586162479724747, -5.937142399184961e-11, 1732915491549955901, 
0.02386373281478882, 0.001946568489074707, 0.015992496217039194, 3.3478380307252586e-11, -0.0001730127909276894, -1.935023423860312e-07, -0.0007817720379371899, -8.035289523233266e-11, 1732915491659890193, 
-0.010368406772613525, 0.021870791912078857, -0.0041924636421009735, -6.379026554901993e-10, 0.00021681111214859935, -2.9422046184283653e-06, -0.0008207787721722172, -1.205611221376112e-10, 1732915491749821496, 
0.03724253177642822, 0.006966054439544678, 0.027525896614589453, 6.377118135068252e-11, 0.0001367050368529677, 4.6648743030054723e-07, -0.0008127798385151424, -1.129701666350203e-10, 1732915491849902214, 
-0.00017720460891723633, -0.00212860107421875, 0.006307023157781991, -6.27218149601242e-11, 0.0005530455177204427, -1.1341166857052309e-07, -0.0008544094218546646, -1.4662011011240659e-10, 1732915491949234708, 
-0.023509562015533447, 0.014180481433868408, -0.01652209377763892, 8.640053638781988e-10, 0.00014454747384609048, 5.9773120960810706e-06, -0.0008135384002970523, -1.117393301182804e-10, 1732915492059818856, 
0.005913078784942627, -0.000995337963104248, 0.0006581658800506492, -3.2658454660624853e-10, -0.00025294096876957097, 1.2911492677319774e-06, -0.0007738136959283082, -7.51476121164366e-11, 1732915492150852933, 
0.029602348804473877, -0.003620147705078125, 0.022815049298399975, 8.517524518681136e-11, 8.486080809757868e-05, 1.0037053275390816e-06, -0.0008076019351836829, -1.2035574213029557e-10, 1732915492249826613, 
-0.0008716583251953125, -0.032541871070861816, 0.004672948938402428, -8.426164430855379e-10, 0.00044848043390575943, -1.8788254277835442e-06, -0.000843966275955397, -1.7470582467862903e-10, 1732915492349839326, 
-0.017263174057006836, 0.020016729831695557, -0.012122676847689817, 7.513096365130146e-10, 0.00011680642171292999, 6.432091878984832e-06, -0.0008108156650440114, -1.2082631216477229e-10, 1732915492459971651, 
0.0178411602973938, -0.011796236038208008, 0.010818874844295705, -5.736125098490988e-11, -0.00012660927222871198, 4.5305726804345146e-07, -0.0007859642141205792, -8.155387046949468e-11, 1732915492550857559, 
-0.018566548824310303, -0.02217400074005127, -0.011679092048117748, 2.0340297158976262e-10, 9.018153575096209e-05, 2.25548356319262e-06, -0.0008071784531098167, -1.2646586607171913e-10, 1732915492649892460, 
-0.013723671436309814, 0.026825904846191406, -0.013239377501781844, -6.223497922220472e-10, -0.0002614015319695466, 2.380819222951422e-06, -0.0007720724729842552, -5.116253436465611e-11, 1732915492749900899, 
0.0031780600547790527, 0.020585358142852783, -0.0006651948303605468, 1.0611360580412516e-09, -0.00029795575377193195, -3.561388040364847e-06, -0.0007684223041936456, -4.2642842967254777e-11, 1732915492859857875, 
0.016023695468902588, -0.0029489994049072266, 0.012111356407598764, -1.423014510473389e-13, -1.1171214092790458e-05, 1.2738226110909082e-08, -0.0007970773892229439, -1.139998363795857e-10, 1732915492955833378, 
0.00019252300262451172, -0.015057027339935303, 0.0029850517955859624, 1.9633232931805272e-11, 0.00014074652888761716, 1.3949354976620385e-07, -0.0008073546468354254, -1.373639081319444e-10, 1732915493002871008, 
-0.011943340301513672, 6.365776062011719e-05, -0.00844833758784359, 2.3858233918504098e-12, 6.0289602467995026e-05, 3.957271725447076e-08, -0.0007705405439428211, -5.53726167559871e-11, 1732915493449840772, 
0.004365861415863037, -0.012323558330535889, 0.0013633260567557839, 6.523374015081733e-11, -0.00011659033480722065, -5.595124180634678e-07, -0.0007592095902637985, -2.930018257270873e-11, 1732915493550193990, 
-0.022173821926116943, -0.01878070831298828, -0.016653694045749352, -1.5590664257447977e-10, -0.00010090006346378909, 1.5451590140023192e-06, -0.0007522353666007677, -1.3976192185305536e-11, 1732915493659843861, 
0.002969682216644287, 0.0015633106231689453, -0.0016246579406486803, -7.866595629903588e-11, -0.0003257448660141315, 2.41495613611983e-07, -0.0007304545477738237, 3.554406867120681e-11, 1732915493749873597, 
-0.0031310319900512695, 0.0036463141441345215, -0.002775579623041937, 1.0314154965637586e-10, -0.00012096069464210835, -8.526864859824527e-07, -0.0007508212642049704, -1.305511641549573e-11, 1732915493849938039, 
1.3210606575012207, -0.23845404386520386, 1.0105998360401725, 1.6551413548258294e-07, 0.007564037174411338, 2.1881718937409093e-05, -0.0012983838611476102, -1.3059678739098857e-09, 1732915493950439617, 
0.15354573726654053, -0.13043344020843506, 0.35449918674789027, -0.014458681058385442, 0.09656023454493855, -0.1497374268665064, -0.00040848041307668155, -8.0776276534862e-07, 1732915494059919490, 
-0.3427214026451111, 0.4545428156852722, -0.1796950518721021, -0.005843702252744185, 0.044644332783473906, -0.13089460382544593, 0.006987960812046463, -3.5428201907832976e-05, 1732915494153829777, 
-0.20684319734573364, -0.05166679620742798, -0.20016827081419142, -0.009144226626377615, 0.07941423639263612, -0.11514593656944784, 0.013070899719602696, -0.00014426473686126006, 1732915494244938937, 
0.04825174808502197, -0.05950570106506348, -0.00985556198763965, -0.015238567271412451, 0.08680702287224201, -0.17554532763829223, 0.021682579968525382, -0.00041860648950392873, 1732915494364687992, 
-0.085926353931427, -0.429771363735199, -0.06775771946772907, -0.030571492013531702, 0.14198379680905407, -0.2153167664240277, 0.032065104863485766, -0.0008817258544937146, 1732915494459850556, 
-0.22044938802719116, 0.1063418984413147, -0.18495322251039864, -0.012633265130498702, 0.08082398302907995, -0.15630589655490418, 0.044730064593878974, -0.0016898261519578514, 1732915494549850521, 
0.012724161148071289, -0.06150543689727783, -0.0335056366695016, -0.014067269851363796, 0.0855343262770087, -0.1644634436682881, 0.05335086658781387, -0.0024089002781111225, 1732915494649971031, 
-0.087879478931427, -0.39618152379989624, -0.07483678721965054, -0.02654376907720384, 0.13178812010517446, -0.20141245702587146, 0.06334833946639021, -0.0034004044829781263, 1732915494759623227, 
-0.11069530248641968, -0.013795256614685059, -0.10246755746111441, -0.019992909124652274, 0.09294018368369202, -0.21511587703221186, 0.07556136189464153, -0.004840391274107739, 1732915494859049630, 
-0.02843087911605835, 0.18259978294372559, -0.045947112722788966, -0.011531199352316019, 0.056829946509205864, -0.20290709494945738, 0.08393930361129776, -0.006003545942577711, 1732915494949870174, 
-0.19390785694122314, -0.05754917860031128, -0.1590175659688706, -0.017520385441372743, 0.08407055048552332, -0.20840098393776663, 0.09055627032335797, -0.007055046889271501, 1732915495049948957, 
0.191491961479187, 0.10790741443634033, 0.10925744631774584, -0.01355623282293498, 0.0643812593925671, -0.21056178383021915, 0.09852385961058802, -0.008500022009622112, 1732915495149315893, 
-0.15694528818130493, 0.45265811681747437, -0.09489894544595656, -0.00126287528403514, 0.008363242812258684, -0.15100306333137203, 0.10306554738084012, -0.009426673542472369, 1732915495259897808, 
0.10816621780395508, -0.05122661590576172, 0.060966425268877994, -0.004603669769732493, 0.0725902594188578, -0.06341993824775521, 0.1059260627541344, -0.010050085770979907, 1732915495349972828, 
-0.4738832712173462, 0.06429779529571533, -0.34840085628778916, 0.004770079329541294, 0.08435415960146413, 0.056548240799005015, 0.11347638986929767, -0.011819808913014105, 1732915495449931023, 
0.09082722663879395, -0.16474103927612305, -0.012097429802386095, 0.02149599155073332, 0.06638583018680452, 0.3238039125253881, 0.12195283608409507, -0.013822386982310654, 1732915495550312071, 
-0.3719371557235718, -0.10850870609283447, -0.28756173808758206, 0.014467416037749033, 0.06083813929647544, 0.23780175076109172, 0.1285357738226078, -0.015303917569694242, 1732915495659937673, 
0.4321094751358032, 0.16272836923599243, 0.26374214923225786, 0.016542374451800953, 0.10618150593607112, 0.15579336821386436, 0.13621067617211186, -0.016800519836891792, 1732915495749484013, 
0.21194672584533691, 0.12245750427246094, 0.22396890823364193, 0.0150658891025901, 0.11096533753306653, 0.13577112851209613, 0.14609035156031466, -0.01848849397479867, 1732915495849914164, 
-0.07152014970779419, -0.05307269096374512, -0.0024502758088287002, 0.01034624284154257, 0.09271455658740015, 0.11159243189379195, 0.156042592085389, -0.020036033671817683, 1732915495959939406, 
-0.09759891033172607, 0.46874457597732544, -0.07505456635201559, 0.022083701046231332, 0.1313860782072353, 0.16808250423152674, 0.1664087677938602, -0.021513450927887548, 1732915496059189004, 
0.2669437527656555, 0.5319352746009827, 0.187016996888761, 0.049092701092918384, 0.17345835404656865, 0.28302298475482124, 0.1806948667046936, -0.02335330783880336, 1732915496149210431, 
0.02455317974090576, -0.42905527353286743, 0.0616221694376726, 0.005009456792067111, 0.014150653253323375, 0.3540088717028387, 0.19271944923252896, -0.024621584073364653, 1732915496249968727, 
0.01013261079788208, -0.045844435691833496, 0.02245555494364454, 0.020475961210413084, 0.06203000113555108, 0.3300977081342943, 0.19541355696160687, -0.02484374143620497, 1732915496345421328, 
0.10785752534866333, 0.10808038711547852, 0.08807118557193318, 0.029727105932772165, 0.10626465115523645, 0.27974595135446684, 0.20267203285143331, -0.025168737177550103, 1732915496459936406, 
0.11254912614822388, 0.44715338945388794, 0.10720846876477033, 0.0488501037565328, 0.18315888354125406, 0.26670889673516696, 0.21519522314363174, -0.025334163021867036, 1732915496549056905, 
-0.05989789962768555, 0.04215306043624878, -0.021143011048760846, 0.03978339311178577, 0.11859129482718253, 0.33546638621123265, 0.23140513569967597, -0.025051432063817564, 1732915496649877588, 
-0.15370279550552368, 0.050586700439453125, -0.12268753775529943, 0.03973510226885471, 0.10303393561021629, 0.3856506308676303, 0.2428938351177224, -0.024530309845057857, 1732915496745211324, 
0.024548470973968506, 0.03573065996170044, -0.009983554193539843, 0.03682290494331058, 0.0910792861453236, 0.4042950543612844, 0.25307847931577243, -0.023713542373993854, 1732915496859296601, 
-0.0742540955543518, 0.19096970558166504, -0.05887841115666388, 0.04946249575126636, 0.14119282205461475, 0.3503187699735457, 0.2636070508641421, -0.02247887352548518, 1732915496949254423, 
0.0138130784034729, -0.027419626712799072, -0.0035242710359743093, 0.026373188090935792, 0.0870649673370992, 0.30291389174734035, 0.27625189701147684, -0.02046126152704752, 1732915497049953529, 
0.12906336784362793, 0.006912887096405029, 0.0979526106123923, 0.028428841193518233, 0.08445218614149903, 0.33662646868472906, 0.2846344551295121, -0.01883315075281688, 1732915497145132138, 
-0.19389361143112183, 0.029919028282165527, -0.12547866692750465, 0.03148915565743808, 0.08766448840923419, 0.3592008147066441, 0.29282019194199377, -0.016980360635403924, 1732915497261926798, 
-0.25781095027923584, -0.05652862787246704, -0.2268034996303962, 0.0236493177845249, 0.06933240212082713, 0.341100510888267, 0.3016039198464259, -0.01467550733448912, 1732915497349975992, 
0.20257818698883057, -0.053797006607055664, 0.10197341149667544, 0.022441849482370203, 0.06598231017817083, 0.34011918378988076, 0.3082271063216606, -0.012672785668389542, 1732915497449929803, 
0.09613323211669922, -0.08641624450683594, 0.09741934707573484, 0.020401551863509136, 0.06200626645781901, 0.3290240330368495, 0.3141149397089808, -0.010677223074995103, 1732915497546304052, 
0.11852234601974487, 0.21016442775726318, 0.11393148368903167, 0.04554364399503369, 0.13125003353625447, 0.34699910367987385, 0.3216511863678357, -0.007855255583532356, 1732915497660012715, 
-0.31899094581604004, 0.00390017032623291, -0.21771037577484326, 0.03193461210844914, 0.09717704028047389, 0.3286230164684885, 0.3325095099929859, -0.003329779600975654, 1732915497749882856, 
0.17165786027908325, 0.19059109687805176, 0.0806396182823843, 0.04380906520135446, 0.12792352452776065, 0.34246293137309136, 0.34245324582512743, 0.0011933749822447336, 1732915497849971873, 
-0.044619739055633545, -0.3423588275909424, -0.015917364283586255, 0.006145082492609564, 0.02131031437357747, 0.2883618882802036, 0.35112648794446316, 0.005523670631840621, 1732915497946440671, 
-0.08033961057662964, -0.12561970949172974, -0.06506796123771108, 0.01145231807673214, 0.04734306370394508, 0.2419006540926041, 0.35375612030342923, 0.00692626632451977, 1732915498060054886, 
0.030558466911315918, -0.07683807611465454, 0.008232929270852729, 0.011740374950836826, 0.05848326003663232, 0.20074761467611374, 0.35828861929789885, 0.00952064660132558, 1732915498149885590, 
-0.009584248065948486, 0.11706751585006714, -0.005157740232660562, 0.024631347808378758, 0.10130645642355174, 0.24313699914048575, 0.36436541960019003, 0.013188735410980416, 1732915498249985591, 
-0.02530813217163086, 0.24065858125686646, -0.02038749619073061, 0.03751599996804814, 0.13431844008682398, 0.2793064001026043, 0.37366910970995626, 0.01908801486043846, 1732915498359410404, 
-0.17861515283584595, 0.06079071760177612, -0.14164174674805033, 0.028596717669709542, 0.10854331640567294, 0.26345903752223065, 0.3843242253240312, 0.026233258390938888, 1732915498460904758, 
0.23605334758758545, -0.12653577327728271, 0.1473078268631424, 0.019122353086220473, 0.06784428274263564, 0.2818565148482783, 0.3924464922809823, 0.03202167765613047, 1732915498549881920, 
0.05967646837234497, -0.022445321083068848, 0.08023547255935082, 0.021795527147801606, 0.08338901192785908, 0.2613716920720586, 0.39788452836279303, 0.03611149362364238, 1732915498649023302, 
0.06094938516616821, -0.11148416996002197, 0.0653309017521172, 0.016188092106249115, 0.06726356990173812, 0.24066656185357782, 0.40388210786626305, 0.04089216652239577, 1732915498759919982, 
-0.16351884603500366, -0.04970735311508179, -0.10982440287992962, 0.020602715418835873, 0.07667695357920146, 0.268695017956795, 0.40918044903407425, 0.04533647225864875, 1732915498856112437, 
0.13497865200042725, 0.16618388891220093, 0.0778749353541818, 0.024226310384927757, 0.11948284278120759, 0.20275974207686076, 0.4160638408857545, 0.051390162996017376, 1732915498949896598, 
-0.2093571424484253, -0.03360217809677124, -0.1421967675154931, 0.013445692846722222, 0.09141997685734433, 0.14707609112287853, 0.4241644050486864, 0.05890365169560117, 1732915499048998167, 
-0.3178974986076355, 0.18754863739013672, -0.2764969132713817, 0.020579961878340308, 0.10959772753912983, 0.18777726820104562, 0.4314875814583348, 0.06594966095692677, 1732915499159647114, 
-0.0988568663597107, 0.09219616651535034, -0.1404006617676997, 0.020616723683179836, 0.10281426832980536, 0.200523954681523, 0.43963668155678115, 0.0740475461927296, 1732915499257929230, 
-0.10916239023208618, -0.08636099100112915, -0.11657477532801021, 0.01412411133722498, 0.07415501430108794, 0.19046738066663368, 0.44647075116401047, 0.08110750539879372, 1732915499349900166, 
0.22180914878845215, -0.12181723117828369, 0.14247671246422844, 0.013888474493043682, 0.06860950827382295, 0.20242783897552938, 0.45151571503950805, 0.08653073446003945, 1732915499449007078, 
-0.08676111698150635, 0.013511598110198975, -0.03295898581462928, 0.016610668248770874, 0.08874167773428632, 0.18718001138661322, 0.4562966301713012, 0.09186607351617378, 1732915499559705030, 
-0.19849228858947754, -0.006513714790344238, -0.15964807609053355, 0.010647820429832724, 0.08866781927309253, 0.12008663929173627, 0.4622431957117295, 0.09876795084805555, 1732915499657978510, 
0.14331644773483276, -0.268799364566803, 0.07219564008934862, 0.0042210176293739285, 0.0625124099178059, 0.06752287481675895, 0.4676098856526743, 0.10522029916328225, 1732915499749904687, 
-0.22062909603118896, -0.20651233196258545, -0.15192167943594592, 0.005889089118715355, 0.0740342385353073, 0.07954548105342935, 0.4717408152984985, 0.11029299746088425, 1732915499849005978, 
-0.19709014892578125, -0.3984803557395935, -0.18649463031624536, 0.004763862347391856, 0.05892140987118252, 0.0808511262341973, 0.4764294731704247, 0.11613659244824713, 1732915499960848990, 
0.025320351123809814, -0.027534306049346924, -0.02414299112504359, 0.008402535421765066, 0.07814362356622212, 0.10752682097784233, 0.4806816765533074, 0.12152360380190562, 1732915500057985174, 
-0.07540076971054077, -0.17232251167297363, -0.06339028942977763, 0.00818218499521186, 0.07364860328671594, 0.1110976261607895, 0.485447975889352, 0.1276743973985429, 1732915500149914596, 
0.04584282636642456, -0.5986695885658264, 0.020037007946738114, 0.002812670008295715, 0.03549882684648101, 0.07923275945031785, 0.4892791547920524, 0.1327326124817751, 1732915500250020844, 
-0.07054668664932251, -0.4356960654258728, -0.049209668587742686, 0.00499220564952718, 0.05292227416444682, 0.09433089806410744, 0.49172304976642495, 0.13602496965697636, 1732915500359270297, 
-0.07152217626571655, -0.1476600170135498, -0.06612756927344102, 0.00621965895721928, 0.07601946145183293, 0.08181666692232685, 0.4953225659172435, 0.140958594105663, 1732915500458962652, 
-0.1507624387741089, 0.0962303876876831, -0.1307744555668609, 0.004762552062466922, 0.0930187060203812, 0.05119993887491195, 0.5001909387017311, 0.14775836642407997, 1732915500549914981, 
0.16286569833755493, -0.14352566003799438, 0.09397721231240722, 0.0023069748258930487, 0.07738081633389499, 0.02981326555070896, 0.5054095290695259, 0.15516650870217125, 1732915500650015716, 
-0.24544531106948853, -0.2659195065498352, -0.16584752448594212, 0.0046599226422565886, 0.08434805327105101, 0.05524635675090221, 0.5099033529410747, 0.1616102846070766, 1732915500748968651, 
0.04511749744415283, -0.23546022176742554, -0.0042973283963002595, 0.005149226819354949, 0.07933409801089054, 0.06490559480046136, 0.5148337552753642, 0.1687354447306079, 1732915500857928661, 
0.01920562982559204, 0.11909717321395874, 0.013785914591909816, 0.007343717034540196, 0.09490687422454668, 0.07737813614180562, 0.5195769354195972, 0.17567521045033702, 1732915500950909801, 
0.028194069862365723, 0.15508931875228882, 0.024852023440632524, 0.009799559095347453, 0.10270635897125804, 0.09541336284825187, 0.5249902315209146, 0.18371515639128788, 1732915501051024697, 
0.08372366428375244, 0.061942458152770996, 0.06986810576718497, 0.008166313086416903, 0.09706689532025085, 0.08413077454959232, 0.5304965579575848, 0.19203889866442464, 1732915501161669737, 
-0.10324496030807495, -0.12900590896606445, -0.06271362792174287, 0.006036811165842019, 0.09160513299139542, 0.0659003591688368, 0.5356289598126414, 0.19995287639854925, 1732915501258045434, 
0.010491013526916504, 0.14427804946899414, -0.0066094907792792895, 0.007385394605028243, 0.09732527554658482, 0.07588362389473244, 0.5407224959365802, 0.2079463390569689, 1732915501350966000, 
-0.07978999614715576, -0.07802575826644897, -0.06266666117925741, 0.004169184762826255, 0.08959486319268782, 0.04653374774243216, 0.5458085387483681, 0.21604596249793429, 1732915501451944987, 
-0.166562020778656, 0.37767350673675537, -0.14208601603913296, 0.0009364328950980967, 0.10186534500718124, 0.009192850571821856, 0.5508519596604481, 0.22419414591309342, 1732915501560439577, 
0.0059157609939575195, 0.4112231731414795, -0.02876162756274686, 0.0034415585135253914, 0.09392766352874773, 0.03664052084583217, 0.5562312527304629, 0.23296783475917512, 1732915501659940399, 
-0.0906686782836914, 0.16194480657577515, -0.07613028487774917, 0.002165115850185269, 0.09416927592566791, 0.022991743632968922, 0.5611966755785707, 0.2410914375142436, 1732915501749932162, 
0.21229368448257446, -0.3196975588798523, 0.1446465851350199, 0.0006954790831515673, 0.08706848133608164, 0.007987724977848639, 0.5660051015980169, 0.24901645863345512, 1732915501850028351, 
-0.09615039825439453, -0.09383583068847656, -0.039714764474962416, 0.000809849706001011, 0.09407596284220343, 0.00860846577100037, 0.5704722115917984, 0.2564114900609249, 1732915501949176700, 
0.08490824699401855, -0.47125524282455444, 0.05567466163864121, -0.0035935986989536826, 0.08956342834031993, -0.04012350538100054, 0.5752858224349541, 0.2643868956704914, 1732915502059970294, 
-0.18598085641860962, -0.06723284721374512, -0.12929789703266967, -0.0006358550021671999, 0.09556407182341879, -0.006653703531407901, 0.5799851262258473, 0.27217517483674936, 1732915502149921017, 
0.21168500185012817, 0.26041024923324585, 0.13178948807985882, 0.0012223154537490642, 0.09679753890013654, 0.012627546812012388, 0.585077098430397, 0.280555028936773, 1732915502250034399, 
-0.16900449991226196, 0.1913873553276062, -0.09853774108470523, -0.004125424900425854, 0.09534415209380886, -0.04326877747433171, 0.5899583715931551, 0.2885739106364506, 1732915502360505719, 
-0.12322878837585449, 0.38643085956573486, -0.1174949406996855, -0.0010710309291685044, 0.07554532491586442, -0.014177329045329042, 0.5948764833396608, 0.29665994670552015, 1732915502459948846, 
0.11013185977935791, -0.03110027313232422, 0.05683952922711538, -0.0020901502714414225, 0.08094183014825926, -0.02582286893702481, 0.5989627572481956, 0.30332002540878333, 1732915502550940126, 
0.07725441455841064, -0.03638499975204468, 0.07251263165633748, -0.0006040653879890147, 0.09466470057683851, -0.006381104934660414, 0.6033012842653521, 0.31036791117551704, 1732915502649949002, 
0.11274129152297974, -0.19325017929077148, 0.1032716750791142, -0.00147872304735239, 0.09606525417011855, -0.01539290204483061, 0.6081785052361647, 0.318250855027336, 1732915502749110273, 
-0.014396846294403076, -0.03828895092010498, 0.013139968022446782, -0.0025269508543080427, 0.09563084095842984, -0.026424015819399654, 0.61310235645181, 0.3261927043613036, 1732915502859961162, 
-0.226576030254364, -0.06664210557937622, -0.1703994232953291, -0.0009751499680540099, 0.08851383428342433, -0.01101692154620199, 0.6180902099107033, 0.3342087720481774, 1732915502950985172, 
0.2042543888092041, 0.17191708087921143, 0.11647314775043116, -0.0021903001169670277, 0.0876630990741414, -0.02498542876193064, 0.6229354028903521, 0.3419533671891819, 1732915503049954320, 
-0.043070435523986816, -0.03292590379714966, -0.0056867925775347244, -0.0051240511330309275, 0.0928541519555744, -0.055183866581243496, 0.6275399217430241, 0.34928568285103107, 1732915503160511596, 
-0.06585562229156494, -0.012543916702270508, -0.0517599990614385, -0.004613039559772907, 0.08935421447531987, -0.05162643515876976, 0.6324849178530492, 0.3571062318006957, 1732915503259984354, 
0.019480586051940918, -0.3764948844909668, 0.0028881572396463953, -0.005521030773166073, 0.10440224869770931, -0.05288229747954855, 0.6375990747822483, 0.3650987965176044, 1732915503350001342, 
0.004171609878540039, 0.1333843469619751, 0.0038119439317730983, -0.0016521887153921426, 0.09464430068039939, -0.017456822053885247, 0.6431230716576645, 0.37363788527667513, 1732915503449045968, 
0.0009743571281433105, 0.039908528327941895, 0.001639258465095658, -0.0016924218063554483, 0.0949108199689267, -0.0178317056675892, 0.6482820298802956, 0.3815343814674933, 1732915503550503984, 
0.03712838888168335, 0.2153072953224182, 0.028762503367295023, -0.0006442071348419125, 0.08785155921379259, -0.007332904966139437, 0.6533513209991026, 0.38926541241612417, 1732915503659234311, 
0.13192462921142578, 0.18616831302642822, 0.10771050894519164, -0.003203381437330111, 0.08772730853584011, -0.03651521391450647, 0.6580995899189457, 0.39647796022117665, 1732915503750965490, 
0.04601621627807617, 0.0547785758972168, 0.06046386413689349, -0.006117636563521277, 0.0945697140094581, -0.06468917271875688, 0.6628892844529596, 0.4037282255516502, 1732915503849063641, 
-0.028265714645385742, 0.013193607330322266, -0.007508304096294854, -0.005818994384719891, 0.09129169160768558, -0.06374067872163305, 0.6680108778103003, 0.4114095816485205, 1732915503950773503, 
-0.016881048679351807, 0.19218844175338745, -0.014750420858223775, -0.002628068388841477, 0.07888752303396807, -0.03331411974628562, 0.6729245432714532, 0.4186809049325939, 1732915504059971378, 
-0.08059960603713989, 0.23708271980285645, -0.06513167797517906, -0.003974376733831646, 0.08133664932467265, -0.04886329553565785, 0.6774772609178092, 0.42533492049490573, 1732915504149989643, 
-0.11459392309188843, 0.3961678743362427, -0.10297321829338593, -0.0026637878818016637, 0.0781814027739199, -0.03407188650099614, 0.6821584740948949, 0.4321249643644724, 1732915504249070353, 
-0.07284867763519287, -0.26034295558929443, -0.0797692372316069, -0.006350156125710479, 0.09289789478461206, -0.06835629742130972, 0.687048273658096, 0.43914571927099116, 1732915504350209761, 
0.17766761779785156, 0.020697951316833496, 0.1172948548895226, -0.008549971705251382, 0.08649537050194518, -0.09884889394235385, 0.6923428605078578, 0.4466739011138525, 1732915504459154726, 
0.10374647378921509, -0.1169402003288269, 0.10694425467908869, -0.009169644078961288, 0.10166721426749686, -0.09019273464929427, 0.697430622437148, 0.4537960982377437, 1732915504550965621, 
0.13028037548065186, 0.12058782577514648, 0.1246620637639105, -0.00584657830240815, 0.08744347395585231, -0.06686123089482834, 0.7029664613063591, 0.4613884110013009, 1732915504649065903, 
0.02877718210220337, -0.008131623268127441, 0.05120719773230273, -0.006360685370289551, 0.08959966021911127, -0.07099006128745164, 0.7080234845469167, 0.46820290380934637, 1732915504750523004, 
-0.051088809967041016, 0.4483996629714966, -0.027269671299066628, -0.0027900718008923523, 0.06467751430548033, -0.04313820391603919, 0.7128963418487851, 0.4746789341430884, 1732915504859991853, 
0.10620284080505371, -0.11207836866378784, 0.07502726135461653, -0.006810111776358208, 0.08438525366158992, -0.08070262849085921, 0.7171835635004777, 0.48029992439796765, 1732915504950965414, 
-0.10905349254608154, -0.49189436435699463, -0.06573430194873041, -0.014251494327878408, 0.11648278408222332, -0.12234850360220192, 0.72286124960755, 0.4876610261818709, 1732915505049042796, 
0.33792978525161743, 0.032880306243896484, 0.24316929806287224, -0.00818884990553916, 0.09605721502213063, -0.08524971188944558, 0.7296652099294281, 0.496319155631014, 1732915505159731337, 
0.05205702781677246, 0.24718862771987915, 0.0966385423280483, -0.004351046999445277, 0.07836613035877218, -0.05552203457699794, 0.7349548657302041, 0.5028955142651973, 1732915505259222258, 
-0.07764339447021484, -0.13769525289535522, -0.0367387147865558, -0.005481508166161501, 0.0926261973534533, -0.059178810345031814, 0.7400671995443874, 0.5091550989976946, 1732915505310969756, 
0.15624278783798218, -0.33447372913360596, 0.11107524242580546, -0.00833323452849144, 0.10554074072230246, -0.07895751414534552, 0.7462193980185643, 0.5165984730706302, 1732915505400983440, 
-0.2830553650856018, -0.009108364582061768, -0.19075749820910648, -0.005677282928397685, 0.09154221110164389, -0.0620181975077477, 0.7526471999491644, 0.5242762415799294, 1732915505499794805, 
0.12491583824157715, 0.03979349136352539, 0.05099148294302472, -0.005466383773806923, 0.09264123595366952, -0.0590059460836716, 0.7588517898078597, 0.5315770566932393, 1732915505659968512, 
-0.00708770751953125, 0.0032544732093811035, 0.006491429648094349, -0.004595755036276802, 0.09027661149002734, -0.05090748268486445, 0.7647696381231716, 0.5384543404655334, 1732915505750981447, 
-0.021152496337890625, 0.0810084342956543, -0.014657387852461318, -0.004616348850184729, 0.09285369879386779, -0.049716370054712355, 0.770756323395972, 0.5453323553625146, 1732915505798991397, 
-0.14303791522979736, -0.03344243764877319, -0.11292812791796207, -0.007085896062324828, 0.09103924233429826, -0.07783342524210878, 0.7769206639497971, 0.5523387632248014, 1732915505899794109, 
-0.09305465221405029, 0.17476516962051392, -0.09773123146929687, -0.005267699743247789, 0.07712593594336528, -0.06829997819560904, 0.7829122684772943, 0.5590735851299504, 1732915506059241408, 
-0.14398014545440674, 0.3093773126602173, -0.13312895740100636, -0.0033476239935209665, 0.06797562819774186, -0.04924741532042471, 0.7881113699399072, 0.5648316940595117, 1732915506110019543, 
0.0593259334564209, -0.15432482957839966, 0.014403854753193474, -0.006518943429378985, 0.0922681564585702, -0.0706521478220505, 0.7933927996171315, 0.5706062455710705, 1732915506199021177, 
-0.09165710210800171, 0.3574368357658386, -0.06691520919166012, -0.0014044246646106758, 0.07052001585098715, -0.019915263030829515, 0.7992229191677087, 0.5769137681532845, 1732915506360796125, 
0.07612669467926025, -0.23460763692855835, 0.042721478075664454, -0.005429110746951902, 0.08883021003565175, -0.06111784205815728, 0.8045002486821369, 0.5825535732284185, 1732915506458998200, 
0.048076510429382324, -0.20895856618881226, 0.04685888008168867, -0.007798158584136107, 0.09970351369355464, -0.07821347809370355, 0.8107655131401343, 0.5892073262905636, 1732915506510020863, 
0.26935839653015137, -0.05730617046356201, 0.217152155857172, -0.007134505013642346, 0.10106660057227278, -0.07059211424193948, 0.8174514281021512, 0.5962153147999759, 1732915506599003117, 
-0.3653944730758667, 0.04568016529083252, -0.2289099182545562, -0.003202306072798398, 0.09660863818229566, -0.03314720229008722, 0.8241620881727889, 0.6031482981638515, 1732915506750759541, 
-0.08335590362548828, -0.12546652555465698, -0.11740186165689566, -0.005323624118745345, 0.08988342296938215, -0.05922809727171585, 0.8312007724807378, 0.6103273267072641, 1732915506859203263, 
-0.05911380052566528, 0.43065643310546875, -0.0728609172855309, -0.003134608938692669, 0.06511851641011371, -0.048136983326693625, 0.8372186248239649, 0.6164175357844581, 1732915506910034487, 
0.0038046836853027344, -0.19834965467453003, -0.013972613267746764, -0.003785454755843971, 0.09308356053077473, -0.04066727501890569, 0.84255110193997, 0.6217567864054079, 1732915507049990171, 
-0.019988656044006348, 0.5010315179824829, -0.018665245899629715, 0.0003181110172475716, 0.07659912731746088, 0.004152932655866665, 0.848834208508653, 0.6279911882969114, 1732915507099077071, 
-0.20450931787490845, -0.5175493955612183, -0.16085353901670918, -0.0026825398732619, 0.08604075536556952, -0.031177549079669728, 0.8546196280526366, 0.6336940986328627, 1732915507209568489, 
-0.08172464370727539, 0.3060593008995056, -0.10023244913721424, -0.0020884679348436696, 0.07894099933708522, -0.026456061519131806, 0.8609015609990364, 0.6398820012001439, 1732915507351003527, 
0.11611860990524292, 0.27022355794906616, 0.06544948141801157, -0.00019675757264614414, 0.08204565061461595, -0.0023981475090051017, 0.8667406490974904, 0.6456017509077553, 1732915507450261509, 
0.17132043838500977, 0.13748300075531006, 0.14649703521513002, -0.003705424354129244, 0.09007464270324585, -0.041137263972690935, 0.8726016979258407, 0.6513142249758924, 1732915507499035254, 
0.1450948715209961, 0.2611817717552185, 0.14532017673546493, -0.003625645238680521, 0.0868750363728887, -0.04173402843963568, 0.8786694912494926, 0.6572152989049747, 1732915507610769648, 
0.0628507137298584, 0.13449245691299438, 0.08211698735273883, -0.0019893338995264375, 0.08815754698487169, -0.02256566757543535, 0.8846678312491216, 0.6630028918733482, 1732915507750037575, 
-0.16978943347930908, -0.1420406699180603, -0.11070107475000017, -0.004258893800256757, 0.09696903861608298, -0.04392014050091232, 0.8911481904160063, 0.6692070235118168, 1732915507800023694, 
-0.19765257835388184, -0.17741936445236206, -0.1771955597473835, -0.003903678879668118, 0.09661802584483097, -0.04040321508884322, 0.8984605248367754, 0.6761702547128298, 1732915507900185739, 
-0.027428627014160156, 0.13723129034042358, -0.06252588799711538, -0.0022692808112896477, 0.08422365532293705, -0.026943508953495197, 0.9055282853497013, 0.6828436490054015, 1732915508056244738, 
-0.1301337480545044, -0.10861074924468994, -0.1142042636259032, -0.004925499436557844, 0.09036872105755611, -0.05450447211066292, 0.911976964840563, 0.6888846398144506, 1732915508106034723, 
-0.12448030710220337, 0.07848209142684937, -0.12203558404929017, -0.002083991267302143, 0.0848881616700128, -0.024549845659319114, 0.9187344017382436, 0.6951763375115619, 1732915508203191086, 
0.18021410703659058, 0.15485215187072754, 0.1093945714850638, -0.0012773009851346612, 0.08533088064426095, -0.014968801159566704, 0.9251279039700986, 0.7010728541058381, 1732915508296754251, 
0.12842786312103271, -0.12475043535232544, 0.12395715950180274, -0.00419152721949073, 0.09515798239984473, -0.0440480883871448, 0.93138393002319, 0.7068133164287927, 1732915508346582285, 
-0.07859188318252563, 0.2332773208618164, -0.031200245219212844, -0.003316890289709534, 0.08748480352438473, -0.037913902256007395, 0.9380396368279413, 0.7128950883975158, 1732915508456022623, 
-0.004127144813537598, -0.4015123248100281, -0.010392410619979139, -0.007327961445067808, 0.09894178812827338, -0.07406336173718076, 0.9448429330478529, 0.7190555861159462, 1732915508554021440, 
-0.044865548610687256, -0.1953871250152588, -0.03674869052877915, -0.0037048861158766417, 0.10329278037737218, -0.035867812855275336, 0.9523444717332188, 0.7257905307055065, 1732915508646169476, 
-0.050997912883758545, 0.17154282331466675, -0.04770836080301517, 0.0004206454813375778, 0.0905976144291094, 0.004643008361624394, 0.9598776115805164, 0.7324689124838684, 1732915508746700665, 
2.1739964485168457, 0.09681576490402222, 1.6525305063806472, 0.0007215516861041202, 0.023086851546966353, 0.031253793295991164, 0.9642740029530366, 0.7363422635297426, 1732915508955369637, 
-0.3536268472671509, 0.6434419751167297, 0.11656644642742786, -0.001674087556468646, 0.12762438310471108, -0.01311730184893524, 0.9654859913393945, 0.7374118862669904, 1732915509045814394, 
0.32928013801574707, -0.13673865795135498, 0.2792026597969821, -0.005865875362195504, 0.1073439206554495, -0.054645622466349825, 0.9742146475112555, 0.7451506914281749, 1732915509146157846, 
-0.017409801483154297, 0.009211719036102295, 0.051980028262887445, -0.0004547636156254137, 0.10412119776091118, -0.004367637190168201, 0.9816783809867554, 0.7517440296007132, 1732915509255975685, 
-0.11026781797409058, 0.34732311964035034, -0.07228140073696851, 0.0025753219550054256, 0.09746950553160139, 0.026421822301852752, 0.9893120059384163, 0.7584314463946393, 1732915509350383104, 
0.09080219268798828, -0.1433517336845398, 0.052546053329951936, 0.0009667216539859421, 0.08941566305811058, 0.010811547115158972, 0.9965469280007196, 0.7647704671332926, 1732915509450468604, 
0.4678596258163452, -0.008333563804626465, 0.37047255527362505, 0.0019874884912873267, 0.09897709184701198, 0.020080287814066816, 1.0031771449117308, 0.7706081072345007, 1732915509550153483, 
-0.314636766910553, -0.41237491369247437, -0.15418646184940693, -0.0024811658591812184, 0.0942736723529578, -0.026318756841165664, 1.0099481923116511, 0.7765796438475079, 1732915509660350724, 
0.13703495264053345, -0.36402153968811035, 0.06884318064601672, -0.0031757616252358965, 0.09858377513970853, -0.03221383661495361, 1.0173347321039214, 0.7831068427643036, 1732915509750377628, 
-0.03408843278884888, 0.13866835832595825, -0.010000592905884148, 0.00027572925834500804, 0.0960291535989631, 0.002871307806132588, 1.0245681014377936, 0.7894673937440447, 1732915509850045071, 
0.06625699996948242, 0.3099421262741089, 0.048365041787263564, 0.002190204127946011, 0.09405670912412842, 0.02328599573960808, 1.031736429112522, 0.7957417090009994, 1732915509951300133, 
0.12229812145233154, 0.29261595010757446, 0.10495917460338161, 0.0026146224362022185, 0.09926083559106445, 0.026340927120278936, 1.0387904773581491, 0.8019253732401733, 1732915510060112803, 
-0.3874186873435974, 0.3620661497116089, -0.27196223452384993, 0.002385557585790842, 0.10439844075311938, 0.02285050972583192, 1.046332858732948, 0.8085684507317537, 1732915510150755495, 
0.12061190605163574, -0.13407808542251587, 0.028604517198751955, -0.0005681591182115586, 0.0894878304039409, -0.006349009867005758, 1.054257723187372, 0.8155811298243102, 1732915510250210334, 
-0.13556915521621704, -0.0087968111038208, -0.09706072624627801, -0.00019250995767851537, 0.09258242025852587, -0.0020793359812905435, 1.0610346802690303, 0.8215984093129005, 1732915510351056037, 
0.10433775186538696, -0.2924954295158386, 0.0571642348423223, -0.0019815247529430167, 0.09402976942080382, -0.02107337670982962, 1.0681214189017285, 0.8278818141702843, 1732915510460348606, 
-0.07184869050979614, -0.3265117406845093, -0.04158821152155409, -0.0028188306729931183, 0.09981735278151546, -0.02823988609638944, 1.0752125133382764, 0.8341604986212954, 1732915510550461282, 
0.08965873718261719, -0.3300750255584717, 0.05892387100211709, -0.0021939218321302954, 0.10413442276072414, -0.021068171061661332, 1.0828419375759748, 0.8408861030751861, 1732915510650468809, 
0.042615294456481934, -0.2547506093978882, 0.04639718825844312, -0.0021790258119797103, 0.10256051024716478, -0.021246245818477175, 1.090504849710444, 0.8476046066273827, 1732915510745393675, 
-0.2678608298301697, 0.22233974933624268, -0.19423426937527238, 0.0005271107923763468, 0.09292934570031058, 0.0056721672621717935, 1.0980402162828988, 0.8541867391993273, 1732915510860581825, 
-0.2611043453216553, -0.39224672317504883, -0.24530530856707, -0.006586178826495005, 0.09324191258227793, -0.07063538964500832, 1.1055323823206844, 0.8607021260125084, 1732915510950095572, 
0.0454140305519104, 0.15072709321975708, -0.02271537968694473, -0.011199177456490395, 0.07888267713255027, -0.14197258338065644, 1.1126860873965858, 0.866901106872072, 1732915511050049143, 
-0.18307793140411377, -0.12772536277770996, -0.1453429108693916, -0.012734883217698997, 0.09757811344307779, -0.1305096272959601, 1.1192565658942235, 0.8725003133946624, 1732915511160976967, 
-0.09062796831130981, -0.40722721815109253, -0.10320743725179465, -0.016288580344872402, 0.12673294922017275, -0.12852679942430995, 1.1277556487236613, 0.8795438913973144, 1732915511260200508, 
0.05782115459442139, 0.12515467405319214, 0.019870449919537736, -0.006948683640646926, 0.08532641135747175, -0.08143649229000949, 1.13682935583854, 0.8868616459411439, 1732915511350044606, 
-0.1175263524055481, 0.5774697661399841, -0.08548167827995612, -0.0024451500153922, 0.0561257432626193, -0.04356557032930576, 1.1428642393387554, 0.8916157750531919, 1732915511450053510, 
-0.31569820642471313, 0.2863047122955322, -0.2615599874542186, -0.0072920229397454355, 0.07173030059338037, -0.10165889281688553, 1.1479726608177165, 0.895580499680936, 1732915511546071500, 
0.3170400857925415, -0.16662448644638062, 0.1815840113343628, -0.005867822045085745, 0.08952041698599707, -0.06554730465569211, 1.1544636199204472, 0.9005611829619887, 1732915511660096557, 
0.03633439540863037, -0.24130642414093018, 0.0704097632421957, -0.01982178949924745, 0.10874754558405388, -0.18227344252038, 1.1616959858719498, 0.905991286783862, 1732915511750049043, 
0.08388078212738037, -0.0073844194412231445, 0.08061270439167272, -0.020306706460043504, 0.09711915043161198, -0.2090906517385858, 1.1699989231336927, 0.9121019939689494, 1732915511850068083, 
0.09229439496994019, -0.03337985277175903, 0.08950722153350497, -0.016191946691378963, 0.09717972618894402, -0.1666185667152157, 1.1777308859159417, 0.9175764140440688, 1732915511960958011, 
0.16753321886062622, -0.41628777980804443, 0.1494346331935858, -0.02569801033863777, 0.14077678374395963, -0.1825443773838199, 1.186575073240667, 0.9235826161440678, 1732915512061066437, 
0.030108749866485596, -0.46290338039398193, 0.05814589218371699, -0.03685817879842803, 0.1640489565977268, -0.2246779227545466, 1.1986135722847466, 0.9314501309992695, 1732915512150037282, 
0.1717333197593689, 0.0023700594902038574, 0.1447168749951038, -0.01977148453321347, 0.10577945337225227, -0.1869123341338788, 1.210865852943639, 0.939116484977387, 1732915512250163164, 
-0.14385980367660522, -0.21567243337631226, -0.07612642844278125, -0.023945811128732758, 0.12835818383064976, -0.18655461158850475, 1.2202879140308964, 0.9447452236757068, 1732915512360600717, 
-0.23886841535568237, -0.17750120162963867, -0.20069606041122043, -0.027582893442025483, 0.12079311362452871, -0.2283482279276589, 1.2314904555877595, 0.9511475063600733, 1732915512461204006, 
-0.2882377505302429, 0.24294644594192505, -0.268009283315717, -0.011030361435584684, 0.048534755577180407, -0.22726727073023173, 1.2407924731226785, 0.9562146342836423, 1732915512550091180, 
0.12125623226165771, 0.100261390209198, 0.030137466621165343, -0.013088469824372154, 0.053156024111999614, -0.2462274040058899, 1.2457191109516783, 0.9587613162686096, 1732915512650141086, 
0.05930131673812866, -0.045436978340148926, 0.052651901186993685, -0.022192063756440186, 0.08885813501217979, -0.24974712504823918, 1.251337625639204, 0.9615062306390186, 1732915512760866054, 
-0.20671182870864868, -0.04499328136444092, -0.14588181264633648, -0.025401403011815885, 0.09337754140357815, -0.27202904070938116, 1.2595234501221249, 0.9652483443157177, 1732915512861084751, 
0.014458060264587402, -0.3522258996963501, -0.022700067237179683, -0.043979362236072406, 0.15560465692236983, -0.28263525723406485, 1.270076877181701, 0.9697646518425949, 1732915512950061529, 
-0.11728310585021973, 0.11084073781967163, -0.09553558209872386, -0.022092661546457556, 0.07877320082591027, -0.28045910683866465, 1.2825991087634891, 0.9746854623432852, 1732915513050128225, 
0.02811741828918457, 0.012508988380432129, -0.0008415436098153789, -0.02114362144506894, 0.07675770468390053, -0.2754592719016478, 1.2901505587988324, 0.9774208709519674, 1732915513160740841, 
0.10388624668121338, 0.03730136156082153, 0.07932173389991365, -0.020338804423703262, 0.07663538809943529, -0.2653970303812311, 1.2973896251106438, 0.9798157012290605, 1732915513257248400, 
-0.24258774518966675, 0.05886417627334595, -0.16715056885971863, -0.019587066359148867, 0.073096331705359, -0.2679623710544268, 1.3045769703882442, 0.9819782132731167, 1732915513350068891, 
0.10566800832748413, 0.05911892652511597, 0.041730911971281925, -0.015685901003440104, 0.0654761872837869, -0.23956649973301394, 1.3117626128259636, 0.9839351297380357, 1732915513450081611, 
0.1258203387260437, 0.2413042187690735, 0.1059281933306803, -0.009353441760453425, 0.04084547274499538, -0.22899580129353408, 1.317270768872274, 0.9852747015678873, 1732915513560175749, 
0.09171956777572632, -0.09951096773147583, 0.09531239257466737, -0.02276459420181736, 0.09586102253621197, -0.23747497783280921, 1.3225290669748813, 0.9864377465462429, 1732915513657085829, 
0.0684850811958313, -0.2758762836456299, 0.07498251379097942, -0.03805836067669577, 0.14037752035419304, -0.27111435349954144, 1.3329607200851823, 0.9884797887475678, 1732915513750068865, 
-0.14599061012268066, 0.045476436614990234, -0.09449181053499023, -0.022776565160718742, 0.09127469246079077, -0.24953866780217268, 1.3452710184547416, 0.9905612199992212, 1732915513850134539, 
-0.030590355396270752, 0.018903493881225586, -0.045576138312115544, -0.019630444239321268, 0.08228828170139718, -0.23855698324768834, 1.3542990817547829, 0.9918496244902667, 1732915513960567898, 
0.13099652528762817, 0.1995367407798767, 0.089413188293849, -0.011402475776744612, 0.049058320309012735, -0.23242695030978894, 1.3615497149896696, 0.992695089436612, 1732915514058301041, 
0.07647907733917236, 0.5430989861488342, 0.07908922005722316, 0.002705489979416593, -0.014244111496792222, -0.18993743344580463, 1.3643664696984026, 0.9929467175875052, 1732915514150076011, 
-0.0927666425704956, -0.0929861068725586, -0.05196938040664187, -0.01067300240934414, 0.07684401416773301, -0.13889178649682982, 1.3654849409317298, 0.9930443145946671, 1732915514250183998, 
-0.011260628700256348, -0.41999441385269165, -0.020495140570112307, -0.022688513909802924, 0.12569582052661576, -0.1805033279129491, 1.3746853933129646, 0.9935464776766147, 1732915514360574451, 
0.1702406406402588, 0.15640443563461304, 0.12524070140270543, -0.014150243717983357, 0.07865509262462027, -0.17990244809087047, 1.3858307640202883, 0.9939716262654021, 1732915514458096188, 
0.19167011976242065, 0.09449559450149536, 0.17600152329316246, -0.01491156274913672, 0.07600592222059978, -0.19618948515429313, 1.3931701040943363, 0.9941192977458987, 1732915514550082392, 
-0.058162033557891846, -0.3814866542816162, -0.0029558750439385717, -0.032998869258167966, 0.14202832675155969, -0.2323400550644422, 1.40233775179689, 0.9941466056573619, 1732915514651185924, 
0.12544721364974976, 0.2087000608444214, 0.09487607256623407, -0.012015169965511217, 0.0639908559170041, -0.18776385771577814, 1.4141726396769418, 0.9939187185971298, 1732915514760474544, 
0.10483425855636597, 0.36466336250305176, 0.10227475404747238, -0.004202175907891686, 0.03553602243564863, -0.11825116093117373, 1.4194955455539506, 0.9937020197779354, 1732915514858093856, 
0.1121860146522522, -0.6126787066459656, 0.11035095620001574, -0.00902225165790135, 0.12981824722481375, -0.06949910240489533, 1.4255422639155084, 0.9933720175173024, 1732915514951084805, 
0.07463449239730835, -0.36670947074890137, 0.08289929772386526, -0.021679102526899526, 0.12138721530177157, -0.17859461124472417, 1.4378967789596322, 0.9925250196216814, 1732915515051182649, 
-0.14040476083755493, 0.26072704792022705, -0.08841315962501117, -0.008650552763159111, 0.06352237976135558, -0.1361811820598975, 1.448137500429987, 0.9917273598073766, 1732915515160344008, 
-0.006294131278991699, 0.0586276650428772, -0.02543624241352971, -0.010064949948822866, 0.07511232821311256, -0.1339986416113487, 1.4550243431793852, 0.9910790298538342, 1732915515259098870, 
-0.014749348163604736, -0.01342475414276123, -0.017154412020346475, -0.014043464362996793, 0.08999332296744268, -0.1560500701599536, 1.462999058023912, 0.9902167484351526, 1732915515351092869, 
-0.20984011888504028, 0.17888301610946655, -0.1647584048926778, -0.006353099352761813, 0.06897064865244182, -0.09211308689840617, 1.4714822204965723, 0.9891817755980172, 1732915515452119909, 
-0.1787390112876892, 0.4538346529006958, -0.17549954873370358, -0.00115851817572354, 0.04581239829609724, -0.02528831099903875, 1.4781465862497045, 0.9882771057236338, 1732915515549160182, 
0.04033482074737549, -0.25156301259994507, -0.009972061880919175, -0.006325211157193894, 0.08282164255583022, -0.0763714768507526, 1.484181127545508, 0.9874112833261433, 1732915515659130820, 
0.1107138991355896, -0.18838047981262207, 0.08252407751288224, -0.011643918395823273, 0.10200480253118042, -0.11415068807435813, 1.4929094556448999, 0.9861190536561294, 1732915515751130416, 
-0.2612658739089966, -0.238969087600708, -0.18061190458835344, -0.013334366067597251, 0.11331817261738925, -0.1176719122767695, 1.5032765812557851, 0.9844941853266533, 1732915515853234020, 
0.073708176612854, 0.11248195171356201, 0.013967283975612893, -0.008103106518006218, 0.07981687405610811, -0.10152122109304926, 1.513855566526744, 0.9827092758820782, 1732915515949370715, 
0.0034071803092956543, 0.16040998697280884, 0.005875844773738554, -0.012675317377856637, 0.07968494541970311, -0.15906790562628037, 1.521648284093832, 0.9812995356159925, 1732915516060457813, 
-0.0662999153137207, 0.11496627330780029, -0.04941891286928762, -0.018276151221303123, 0.07191098700897613, -0.2541496366754338, 1.5292462606480053, 0.9798282410224943, 1732915516150102424, 
0.3415929079055786, 0.15877819061279297, 0.24977315866800998, -0.012297598791588217, 0.04848405539475001, -0.25364212402331004, 1.5355151691582372, 0.9784929754919965, 1732915516250197346, 
0.05248534679412842, 0.18605369329452515, 0.09858959730972983, -0.00975790819713413, 0.04453543953191417, -0.2191043425122502, 1.539527408216368, 0.9775320142314592, 1732915516350450859, 
-0.13438761234283447, 0.019705355167388916, -0.07962912683151133, -0.016334776985067474, 0.07374483190752465, -0.221504023570779, 1.5445018255759202, 0.9762211551307861, 1732915516460133623, 
-0.005325496196746826, 0.15047991275787354, -0.022802216787164077, -0.012501864123006941, 0.05745245430978481, -0.21760365633114007, 1.5513105864473, 0.9742556991826498, 1732915516550104593, 
-0.14046740531921387, -0.1847374439239502, -0.11256090819966894, -0.027078524158340587, 0.10775676844386073, -0.2512930236252212, 1.5583276983230643, 0.9720729673513665, 1732915516650220938, 
-0.3594051003456116, -0.278594434261322, -0.3012565271482266, -0.038245149070716855, 0.13947112300206235, -0.2742155382957039, 1.569849205067695, 0.9681921566236017, 1732915516750267202, 
0.30979424715042114, 0.09873819351196289, 0.16626780238258704, -0.016950628795653802, 0.0748053004715849, -0.22659662736188818, 1.5817382688399688, 0.9638270578671051, 1732915516860129799, 
-0.010253965854644775, 0.3267993927001953, 0.030824803186303706, -0.006269959663589505, 0.036207604543534, -0.17316692840176312, 1.5873229345405093, 0.9616067877988828, 1732915516950143697, 
-0.01944899559020996, -0.17766737937927246, -0.00728626363392082, -0.020701010164442372, 0.10268856425134677, -0.20159021908002647, 1.5923809937785398, 0.9594891789409584, 1732915517050109571, 
0.25157010555267334, 0.12102043628692627, 0.19066222486387666, -0.011888160987860549, 0.06892070626916605, -0.172490411538036, 1.6007492571785156, 0.9557811321441577, 1732915517150504080, 
0.07262575626373291, 0.3433675765991211, 0.10006661263369428, -0.007669136787351844, 0.04610293077093277, -0.16634814010971996, 1.6059358039220857, 0.9533589190281431, 1732915517260160691, 
-0.057201921939849854, -0.052317798137664795, -0.020124357639426577, -0.015690881102450673, 0.08870178159315173, -0.1768947682969887, 1.611032383978062, 0.9508843237270578, 1732915517350114026, 
-0.05099433660507202, 0.2360498309135437, -0.04392305005598586, -0.010115628020757213, 0.05764383255485782, -0.17548500112532403, 1.6181858800629674, 0.9472466491167655, 1732915517450142005, 
0.05361676216125488, 0.2224307656288147, 0.030729471630631805, -0.008489476466921294, 0.051693376498250995, -0.16422754793756855, 1.6231865100517562, 0.9445947141253761, 1732915517550816704, 
-0.19994938373565674, -0.21856117248535156, -0.14553640861256445, -0.01756635677875851, 0.10743273927560107, -0.16351027533324738, 1.6292055796350415, 0.9412799564624941, 1732915517660164494, 
0.07924830913543701, -0.2242063283920288, 0.02665766513869336, -0.022058105785482566, 0.1156439626761762, -0.19074152489265014, 1.6389978882731062, 0.9356576900040426, 1732915517750120886, 
-0.3390595316886902, 0.08555614948272705, -0.2534831512152299, -0.014477984577638643, 0.08360966581646191, -0.1731616127903249, 1.6482612259115255, 0.9301242774926856, 1732915517850121641, 
0.19557344913482666, 0.28722578287124634, 0.09016657892940377, -0.0075295236130428584, 0.044526032324848044, -0.16910385273293166, 1.6547660383477985, 0.9260678467156223, 1732915517950287315, 
0.08407598733901978, -0.37238913774490356, 0.08592591076535869, -0.023845125417104172, 0.12577146153519583, -0.1895909066019032, 1.6603166462178238, 0.9224898533890781, 1732915518060328526, 
-0.24079442024230957, 0.0897778868675232, -0.1644309618802193, -0.015433275663120317, 0.08814495790282506, -0.1750897161938026, 1.6697542708120803, 0.9161440121420714, 1732915518150163664, 
-0.06884759664535522, 0.3512759804725647, -0.09145803243488698, -0.006044895831263453, 0.03896263876819779, -0.1551459557764203, 1.6761389190264475, 0.9116753230097392, 1732915518250123879, 
-0.37715423107147217, -0.08554250001907349, -0.3098412798134467, -0.011968539757969044, 0.08152486875089326, -0.14680845171968346, 1.680696118995612, 0.9083856229957549, 1732915518361163365, 
0.01049739122390747, -0.07362586259841919, -0.0644099026875199, -0.013565561546740055, 0.08994562256492841, -0.15081958587754038, 1.6879997173511485, 0.9029255868810211, 1732915518460325018, 
0.05956453084945679, 0.20142215490341187, 0.03038301913467524, -0.009196858393499199, 0.06579181008543324, -0.13978728327365852, 1.6946466354528342, 0.8977951520159296, 1732915518550158511, 
-0.06694304943084717, 0.23332315683364868, -0.04416004893265853, -0.00815602874934293, 0.06112663226203831, -0.13342840015101073, 1.6996603977918538, 0.8938078215525966, 1732915518650183805, 
-0.051635146141052246, -0.13340473175048828, -0.049684881846019234, -0.013341384943075586, 0.09038904242117372, -0.14759958271170215, 1.7052007671017024, 0.8892801973106708, 1732915518750441477, 
0.06506937742233276, 0.12426114082336426, 0.038091502241804444, -0.011109493832689053, 0.07469664300488599, -0.1487281541148023, 1.7117889005170355, 0.8837346462641662, 1732915518860171779, 
-0.09526348114013672, 0.35663479566574097, -0.06417986968705888, -0.005835057666660943, 0.045034094373766535, -0.1295697792484089, 1.7167318389457311, 0.8794468625414131, 1732915518950136293, 
-0.06949412822723389, -0.050309598445892334, -0.06799480314919037, -0.010105601990073676, 0.08206907568673355, -0.12313532113664641, 1.7210732622759803, 0.8755815802967756, 1732915519050246774, 
-0.10295742750167847, 0.09326809644699097, -0.09475170970379936, -0.011290757377794928, 0.07613696050603795, -0.14829535225404128, 1.7271586272639405, 0.8700093083557181, 1732915519160750144, 
0.04407268762588501, 0.3947290778160095, 0.01137714032064785, -0.003908332377028533, 0.04367278875174322, -0.08949124818305838, 1.7321533105252265, 0.8653170828221516, 1732915519260153078, 
0.20309549570083618, 0.48887205123901367, 0.15813453690924206, -0.0025147710274808265, 0.04603450892523386, -0.05462795381536812, 1.7352536130207004, 0.8623280893867216, 1732915519350144841, 
0.10191458463668823, 0.07153129577636719, 0.11520327893280975, -0.0057745395004853255, 0.07943752104294473, -0.07269284621008693, 1.7389423403181947, 0.8587146823255897, 1732915519450221523, 
-0.07307857275009155, -0.06933325529098511, -0.028905624682217593, -0.009284239503876489, 0.0928951471552597, -0.09994321326989596, 1.7446986637003148, 0.853004099607467, 1732915519550499294, 
0.06604254245758057, -0.1793256402015686, 0.04383868406071205, -0.010508068951967323, 0.10142124268461639, -0.10360816603917625, 1.751447121781878, 0.8462023886026956, 1732915519660182565, 
-0.10929471254348755, 0.21324223279953003, -0.07354298494987407, -0.007016489811038335, 0.07729251232501654, -0.09077838978158528, 1.757980144089114, 0.8394817788090955, 1732915519750159406, 
0.06472301483154297, 0.30871134996414185, 0.03226731299117115, -0.0051964820404314495, 0.06560087892012094, -0.0792136039329436, 1.7631659863224238, 0.8340404018888531, 1732915519850238509, 
-0.04488450288772583, -0.05565112829208374, -0.026666410061145167, -0.00737723813037354, 0.0898402119083222, -0.08211510161954728, 1.768117378397542, 0.8287560651136817, 1732915519960827755, 
0.0006192922592163086, -0.18312495946884155, -0.005691969145091274, -0.011241128278555279, 0.10238161520632912, -0.10979635607331545, 1.7745165386109547, 0.8218109335646825, 1732915520060176820, 
0.08778727054595947, 0.13096773624420166, 0.06573761920175922, -0.008978990924774824, 0.08045936039921277, -0.11159659833515996, 1.780913845057336, 0.8147385665068267, 1732915520151191435, 
-0.04190194606781006, 0.491205632686615, -0.016865607301166277, -0.0011065674642503649, 0.050894353610696635, -0.021742440678484104, 1.7855735502618018, 0.8094799507813307, 1732915520250237529, 
-0.11395031213760376, 0.31753045320510864, -0.09103057079777449, 0.00035799480470066584, 0.0747918354778723, 0.004786549259197966, 1.7894654615748107, 0.8050133159694665, 1732915520350704905, 
-0.008111953735351562, -0.0028314590454101562, -0.027451958910610114, -0.004601982162688285, 0.08432948330957511, -0.054571449771538647, 1.7947154856187217, 0.7989580518479551, 1732915520460184255, 
-0.060604989528656006, 0.12500590085983276, -0.05282316298218182, -0.0041915386923345385, 0.08259162991838401, -0.05075016313973418, 1.8002502744034543, 0.7925632884555476, 1732915520551319570, 
0.08772164583206177, -0.08185082674026489, 0.054834227748852195, -0.007749894935830113, 0.09063622033227937, -0.08550549556698636, 1.8058287422708168, 0.7860442099344187, 1732915520650244922, 
0.04945474863052368, 0.08151358366012573, 0.05064513340029006, -0.0051971410307454155, 0.08383347384302522, -0.061993626083977516, 1.8114428972530527, 0.7794070291713334, 1732915520751888094, 
-0.005301177501678467, 0.32584530115127563, 0.007743006975238498, -0.003514224386891932, 0.0755044882673748, -0.04654325150112189, 1.816578026434197, 0.7732376383401262, 1732915520860192305, 
0.018855750560760498, 0.3066336512565613, 0.016236215471545103, -0.0036794430911541265, 0.07403245439819846, -0.04970040668060931, 1.821328224950046, 0.7674623270854536, 1732915520951184193, 
-0.06649935245513916, -0.27423614263534546, -0.04697961731409528, -0.010155079591573418, 0.09523736107992664, -0.10662915767952566, 1.8264151958750405, 0.761213362739242, 1732915521050252847, 
0.29714810848236084, -0.05464375019073486, 0.21645794801662882, -0.006681531399146675, 0.09491838933554157, -0.07039238071694522, 1.8323608206983917, 0.7538181586362757, 1732915521151288492, 
-0.12921452522277832, -0.28601688146591187, -0.04815713648798964, -0.004176875934242992, 0.11303825500444079, -0.036950994458282295, 1.8382690810254803, 0.746325216537366, 1732915521260198685, 
0.22823596000671387, -0.01826709508895874, 0.16333951141853026, -0.004559667901104327, 0.09642535690603261, -0.0472870212505178, 1.8448808791819116, 0.737825224361748, 1732915521352171237, 
0.10240644216537476, -0.07516443729400635, 0.11663013940929412, -0.0016687232090141428, 0.10101858600988566, -0.016518972150836104, 1.8505774943179258, 0.7304483429658418, 1732915521450348529, 
0.0040114521980285645, 0.22933465242385864, 0.030287445543345046, 4.123725719470414e-05, 0.08883005023447328, 0.0004642264310991094, 1.856328609276438, 0.72293952276634, 1732915521551894022, 
0.01624840497970581, 0.1443551778793335, 0.01953373013341904, -0.0007848865262598468, 0.09055409803886481, -0.008667598079580919, 1.8616978841854384, 0.7159100532722068, 1732915521660367315, 
0.08991914987564087, 0.23056906461715698, 0.0733679889496732, -0.00139469355612645, 0.08524797043955336, -0.0163604312095076, 1.8670420545294826, 0.7089102184140347, 1732915521752304753, 
0.004819810390472412, 0.004719793796539307, 0.02089243168171938, -0.0036780054379393612, 0.09164316198146603, -0.04013398663266555, 1.872205721183641, 0.7021293438007579, 1732915521850177151, 
-0.16019809246063232, 0.061327457427978516, -0.11774768381743873, -0.0004557296893626291, 0.08951891406510194, -0.005090875979920882, 1.8777352754930072, 0.6948406688857521, 1732915521951709369, 
-0.12103354930877686, -0.02419346570968628, -0.12015835472827961, 0.00037883113591180204, 0.09576159686527598, 0.00395598181643491, 1.8834548065096597, 0.6872521052700968, 1732915522060192170, 
-0.06914722919464111, -0.06510293483734131, -0.08108518988120803, -0.0003369544065611135, 0.08835604456981536, -0.003813597679724852, 1.8892806135494387, 0.6795156336052187, 1732915522150180760, 
0.12224411964416504, 0.03916054964065552, 0.07462299336632947, 0.00016091310982213115, 0.09231476679970484, 0.0017430917652780731, 1.8947392938836203, 0.6722708793506472, 1732915522250185024, 
0.013051986694335938, 0.199926495552063, 0.027456275663239736, 0.0013480249809606148, 0.09335875275353676, 0.014439192268552954, 1.9001964063375254, 0.6650260326691899, 1732915522351022550, 
-0.22159695625305176, 0.09767651557922363, -0.16320195956288475, 0.0009532133145708643, 0.09255425387579555, 0.010298968168983805, 1.9058390243536572, 0.6575411862810726, 1732915522460227114, 
0.16276055574417114, -0.07677078247070312, 0.08637428792961807, -0.0016894000163946699, 0.08803739050579759, -0.019189573960434646, 1.9115224182236008, 0.6500193079881963, 1732915522550295218, 
-0.20300382375717163, 0.029946446418762207, -0.13514713312144438, -0.0002310035225448638, 0.09372028089648812, -0.0024648189307072375, 1.9168805472489432, 0.6429360605247898, 1732915522650409873, 
-0.015293359756469727, -0.024930298328399658, -0.04334484276266928, 0.0015312689132626082, 0.09057884392032557, 0.016905370470498983, 1.9226808856384432, 0.6352461487814584, 1732915522751039480, 
-0.1603604555130005, -0.05674266815185547, -0.13289524128772603, 0.002990812659943769, 0.08952766576803824, 0.03340657476419431, 1.9282460682984839, 0.6278728363742705, 1732915522860573703, 
0.24293798208236694, 0.05586796998977661, 0.15488896151990753, 0.0018921102132407638, 0.09400172752544717, 0.020128462136278842, 1.933841177361676, 0.620489336529732, 1732915522954807911, 
-0.1443302035331726, 0.015582442283630371, -0.07421320346085253, 0.0016967894434603138, 0.09828869344069441, 0.017263322810208332, 1.9394415319310363, 0.6131453242468486, 1732915523046657067, 
0.10258901119232178, -0.1337110996246338, 0.061125443525484546, -3.229695430321077e-05, 0.09182152853201976, -0.00035173618670427884, 1.9453714693656206, 0.6053981021221271, 1732915523165950664, 
-0.3704391121864319, -0.3421744108200073, -0.26924325430172713, -0.0029831189001543077, 0.09314452669219192, -0.03202677608757848, 1.9510152237146916, 0.5980404741875543, 1732915523255531895, 
0.28278565406799316, 0.08233082294464111, 0.15344257669392314, 0.00101544010478124, 0.0895799880765081, 0.011335568653056495, 1.9569254195307504, 0.5903307760237376, 1732915523350794503, 
-0.2639607787132263, 0.1812533736228943, -0.1660836011705195, 0.004519395427047452, 0.10062057174731956, 0.044915223085758745, 1.9624294764301704, 0.5831217919112868, 1732915523450668727, 
0.06298434734344482, 0.09369134902954102, 0.009315697914800108, 0.00310403019344647, 0.09425960631426496, 0.032930650941799186, 1.968655097567659, 0.5749967366736408, 1732915523551004278, 
-0.15758854150772095, 0.16742855310440063, -0.11843306396333456, 0.004697350105871478, 0.09655906342350193, 0.048647428209501145, 1.9745024768893111, 0.5674337818753753, 1732915523660313275, 
-0.40422457456588745, -0.013271987438201904, -0.3371368039695959, 0.003053131653511315, 0.09415771816472568, 0.03242571839060465, 1.9807306430931124, 0.5594352838403529, 1732915523756195273, 
-0.2054712176322937, 0.1337980031967163, -0.23618731095682455, 0.003639356764008232, 0.08908661735527669, 0.04085189080077547, 1.987039442323944, 0.5514092219728263, 1732915523846604853, 
-0.03749656677246094, -0.350564181804657, -0.0840333265455197, 0.001482454432437079, 0.07694329207647212, 0.01926684435289957, 1.9927057414366647, 0.5442493465900172, 1732915523965607756, 
0.1463729739189148, -0.29657942056655884, 0.09240845121663557, 0.0013353317154247237, 0.08188205362413462, 0.016307990045710537, 1.9976737415001944, 0.5380179245188759, 1732915524055640842, 
0.19303733110427856, -0.37579643726348877, 0.16943126557486823, 0.0014584297511334463, 0.09052083913560798, 0.016111535918802006, 2.002742607214748, 0.5316846132932741, 1732915524156246287, 
0.0355837345123291, 0.11593121290206909, 0.06692763459664088, 0.0066633736498971936, 0.098806445257935, 0.06743865374877524, 2.0082935562091957, 0.5247786844569656, 1732915524252700271, 
-0.27210599184036255, 0.16763585805892944, -0.19257835583246286, 0.0068540544744327405, 0.10671952369131475, 0.0642249350199316, 2.0146532241086836, 0.5169090719931712, 1732915524352925692, 
-0.19802308082580566, -0.013392090797424316, -0.19673586771356275, 0.005480973004478638, 0.08922280632002456, 0.061430179463527204, 2.021449056233096, 0.5086136626912003, 1732915524460279485, 
-0.022348642349243164, 0.07502567768096924, -0.06309874413695105, 0.004072596849860396, 0.09582323196315021, 0.04250114263967379, 2.0275974487067567, 0.5012009606252279, 1732915524551311913, 
0.13389194011688232, 0.16317671537399292, 0.08775958992469046, 0.006497589896215904, 0.10189720343267453, 0.06376612583395372, 2.0339224309262915, 0.4936681298012075, 1732915524650322208, 
-0.05132931470870972, 0.2312965989112854, -0.018732238653953903, 0.007297049576675425, 0.10613282016674384, 0.0687539402534591, 2.0404723761991512, 0.4859425095419077, 1732915524752899767, 
0.20412451028823853, 0.25101780891418457, 0.15188597623262085, 0.007983742229090955, 0.10988438284238218, 0.07265584082628748, 2.047424394485945, 0.4778504524291224, 1732915524860202491, 
-0.0705077052116394, 0.27370303869247437, -0.018375617211848827, 0.007935161175404907, 0.11980774559798178, 0.06623245547104743, 2.054612100089933, 0.46959950129327566, 1732915524951202852, 
0.04358261823654175, -0.10225081443786621, 0.02891938852322911, 0.002595321917734872, 0.09547800279780762, 0.02718240685481186, 2.062074050796698, 0.46115224698443097, 1732915525050314265, 
-0.09739065170288086, 0.13547241687774658, -0.06776474529007512, 0.004028751570176383, 0.09831891392864754, 0.040976363643521814, 2.0684814452142652, 0.45398277172569557, 1732915525161219930, 
0.21034914255142212, -0.32190340757369995, 0.14505473267085453, 0.0010675933757633136, 0.08076942742627824, 0.013217790564848963, 2.0747311335435863, 0.4470296381898117, 1732915525260256927, 
0.04404735565185547, -0.18462121486663818, 0.06770746068610489, 0.0010872505440866834, 0.08990130110119327, 0.012093824347023295, 2.0800834112945448, 0.44111596310761253, 1732915525351208147, 
0.04941916465759277, 0.12891334295272827, 0.05370779355306258, 0.0029289743708286495, 0.09650685287617758, 0.03034991074246975, 2.086123580606575, 0.43446179441053984, 1732915525450313713, 
0.07836073637008667, -0.05734068155288696, 0.07255219164098255, 0.002946448587176528, 0.09736253652891903, 0.030262652270787557, 2.0925178475812936, 0.4274402357045156, 1732915525546142252, 
-0.034812331199645996, 0.1371520757675171, -0.009672840401773103, 0.005254808427630416, 0.09721988832003339, 0.054050755647161094, 2.098991656320612, 0.4203776480055367, 1732915525661229332, 
-0.19812417030334473, 0.17726975679397583, -0.15388602096792495, 0.0026337468878760966, 0.10261417924014796, 0.025666500549717784, 2.10578490911575, 0.4130143497790456, 1732915525751213651, 
0.13433396816253662, 0.03315860033035278, 0.0667780389660679, 0.0036302041577719745, 0.09518547675366332, 0.03813821479475084, 2.1128314636567973, 0.4054520919655572, 1732915525851323119, 
-0.19875174760818481, 0.025462627410888672, -0.1364915971648877, 0.004346473126372353, 0.09840922694088108, 0.0441673333028363, 2.119386761316307, 0.39845720470334695, 1732915525947327259, 
0.3518645167350769, 0.10810333490371704, 0.23737783793993764, 0.004585250776191966, 0.0946939208355406, 0.048421807183962606, 2.1261414508439205, 0.39130768050475273, 1732915526061237941, 
0.28035932779312134, 0.17710435390472412, 0.2701951517270198, 0.004380898062719746, 0.10418953161432158, 0.04204739185253772, 2.1323634976317125, 0.3847806883881307, 1732915526151219262, 
-0.0642595887184143, 0.17581290006637573, 0.014037419778533566, 0.005337651091789579, 0.10541350659941692, 0.050635362241323104, 2.1391738680776355, 0.377704643365863, 1732915526250227199, 
-0.2158116102218628, -0.026403486728668213, -0.1619697227315929, 0.0038348067145105237, 0.0948704445115806, 0.040421510980086305, 2.146351393332235, 0.370310166057365, 1732915526347217050, 
-0.05652588605880737, 0.2423022985458374, -0.08113862730276393, 0.005623722549859874, 0.09915017554829558, 0.056719239464387894, 2.1533960060254125, 0.36312352117335034, 1732915526461242405, 
0.20774859189987183, -0.320584237575531, 0.13991568499203005, -0.0008487601491751995, 0.07829303491881683, -0.010840812979791767, 2.159980128456396, 0.35645908068606075, 1732915526551223208, 
0.03922659158706665, -0.5022000670433044, 0.06287596845304422, -0.0011857418201010625, 0.09791233563320637, -0.012110239352710583, 2.1656634097806573, 0.3507536391607131, 1732915526651232400, 
-0.2381153106689453, -0.5726802349090576, -0.16754152819668194, -0.0013810966226583238, 0.10007888243334954, -0.013800080387369488, 2.172600146174441, 0.34377468229667535, 1732915526747421129, 
0.2872965335845947, -0.5396867394447327, 0.18067786616421194, -0.00339638554868376, 0.0943322843735771, -0.03600448744814986, 2.179696115606829, 0.33661485992033807, 1732915526862563481, 
-0.08982080221176147, 0.24865329265594482, -0.02651601325524716, 0.0008296616705819865, 0.08812296604920773, 0.00941481781399306, 2.1859150036589887, 0.3303220636622096, 1732915526951227807, 
0.03126561641693115, 0.24261748790740967, 0.017748443269180188, 0.0027529252566391277, 0.09160609856504352, 0.03005176838400617, 2.1922040772725424, 0.32392705836797037, 1732915527052228596, 
-0.16750448942184448, 0.467441201210022, -0.12396858727190352, 0.00768594487756194, 0.10796387837751592, 0.07118996643198194, 2.1990326667192077, 0.31700721841133755, 1732915527161618636, 
0.009605646133422852, 0.21592777967453003, -0.02169459968917338, 0.0022907704390071966, 0.10067398754138583, 0.022754342953441566, 2.206716536528802, 0.3092747473133113, 1732915527262537061, 
0.1355607509613037, -0.23588693141937256, 0.09861336404191366, 0.0004257239048244264, 0.0876249877750928, 0.004858476053852728, 2.2135360527187307, 0.3024939162802683, 1732915527351220973, 
-0.20158511400222778, -0.37157773971557617, -0.13119824966676902, -0.002203345786313424, 0.09321398832741212, -0.02363750147214192, 2.2197941127923357, 0.29629032727032073, 1732915527451388136, 
0.0580902099609375, -0.4083864688873291, 0.01377741237398078, -0.0010655805101433859, 0.09473288522096635, -0.011248264081241672, 2.226653341547939, 0.2894911222251675, 1732915527548874986, 
-0.287333607673645, -0.2334086298942566, -0.2167085912653165, -0.001635102662388286, 0.0959750784253651, -0.017036742133634427, 2.2334894956308062, 0.2826857730259114, 1732915527658401401, 
0.07546484470367432, 0.017799198627471924, 0.007020238118145727, 0.0012406674978729774, 0.08893372392972869, 0.013950472813364877, 2.2404824754199173, 0.27571066162232516, 1732915527751236817, 
-0.08730149269104004, 0.2642539143562317, -0.06514465905527822, 0.003451903837255867, 0.09544116996309109, 0.036167870098310656, 2.2469335136520843, 0.26926540105804114, 1732915527851247102, 
0.06415790319442749, 0.16803568601608276, 0.033874190558554756, 0.0037991906416403294, 0.09655653748691827, 0.03934679867901284, 2.253812149919668, 0.2624187213221604, 1732915527948530694, 
0.24506551027297974, 0.12694764137268066, 0.1955302376814303, 0.0023717379776811466, 0.09990448125744367, 0.023740055979765508, 2.260586306820691, 0.25572398519070977, 1732915528058255984, 
0.0714535117149353, 0.18919247388839722, 0.10045115327405264, 0.002626446899564103, 0.10143924338749777, 0.025891822650244735, 2.267379572051424, 0.24905914059191997, 1732915528151241340, 
0.020634889602661133, 0.004389166831970215, 0.03927280389501772, 0.0013095298794155116, 0.09717462384522037, 0.013476047836329465, 2.2743571623741876, 0.24224469421058012, 1732915528251278870, 
0.37368738651275635, 0.02919667959213257, 0.29522076771336936, 0.0014450362953968233, 0.09602344159593287, 0.015048786748110355, 2.281075283830108, 0.23571455368946329, 1732915528361210978, 
0.020086228847503662, 0.18021202087402344, 0.08448128727937512, 0.004373638402036156, 0.10176162903748133, 0.04297924908833011, 2.287563088009849, 0.2294288928223011, 1732915528459695771, 
0.048418283462524414, 0.1893981695175171, 0.05682730626371969, 0.005059027158305297, 0.10166344254910846, 0.04976250096844337, 2.2947141340643347, 0.22253019598715848, 1732915528551246722, 
0.014355182647705078, -0.12112349271774292, 0.024223200985925862, 0.00046398044233552206, 0.09123068031197479, 0.005085793953841872, 2.3017350984539746, 0.21581168501794515, 1732915528651333313, 
-0.03243297338485718, -0.18293941020965576, -0.019144471469084073, -0.0017466317950236036, 0.09362879731485987, -0.01865485667993724, 2.3083700816579875, 0.20951026514593316, 1732915528749261317, 
-0.12493175268173218, -0.21038585901260376, -0.10008866825909796, -0.0009599354314411018, 0.09692223655612492, -0.009904181594955564, 2.315363663667847, 0.20286948448642403, 1732915528859532892, 
0.13393288850784302, -0.09576469659805298, 0.07908586622757924, -0.001186893973097011, 0.09436395638271618, -0.01257783181836157, 2.3223991095387237, 0.19616610855503308, 1732915528951252236, 
0.1601346731185913, 0.0191500186920166, 0.1410757798845641, 0.0008617206600981963, 0.09387306898367193, 0.009179636603210257, 2.3290136401829966, 0.18985310187161, 1732915529051366949, 
-0.020484507083892822, 0.26053309440612793, 0.017359274102454816, 0.00251321925630345, 0.0992993280738077, 0.025309529329699106, 2.3356701592377362, 0.18349183173110112, 1732915529149405401, 
0.28193116188049316, 0.0028607845306396484, 0.21985320785891505, 0.0007305859121361686, 0.0971658003494447, 0.00751896150197608, 2.3426601698838714, 0.17682655602900094, 1732915529259670183, 
-0.2898041605949402, 0.3631162643432617, -0.1703900694479345, 0.0025922691127568615, 0.09736074953929079, 0.026625402177195938, 2.3494380156736265, 0.17039377410513729, 1732915529351277343, 
0.17145389318466187, 0.16848182678222656, 0.09135413511852353, 0.002582516723175532, 0.094097683725152, 0.027445061567283126, 2.3566717658220204, 0.16354406842204547, 1732915529451382547, 
0.0139274001121521, 0.3356032371520996, 0.03208195308731709, 0.003884975035574258, 0.10220333567797295, 0.038012213689533766, 2.363529350155306, 0.15708656878150548, 1732915529562741136, 
0.2022184133529663, -0.19770175218582153, 0.16220801292364254, 0.00013639952250588282, 0.08736730325914943, 0.0015612193282570908, 2.37051690905162, 0.15054200195947767, 1732915529659268005, 
-0.268063485622406, -0.3993625044822693, -0.16720511535291346, -0.0021627571303841886, 0.09290477509975914, -0.023279289229879378, 2.3768565052782136, 0.14463663572385382, 1732915529752260453, 
-0.2065022587776184, -0.42589956521987915, -0.19715680478206243, -0.004478701409243682, 0.09832349975479239, -0.04555067120691446, 2.384157919426684, 0.1378280027817748, 1732915529853307889, 
-0.6873733401298523, -0.3692539930343628, -0.5721951442085255, -0.0035542472988798774, 0.11218805868779691, -0.03168115520004524, 2.3923468644061754, 0.13015176102447307, 1732915529962716950, 
-0.13073784112930298, -0.18104153871536255, -0.23408190248032162, -0.001501344778888226, 0.08981231090634992, -0.016716469754950686, 2.4010399226189763, 0.12193436841763848, 1732915530060720133, 
-0.09374916553497314, -0.1367151141166687, -0.12656237682379995, -0.001216730102898669, 0.08389950976496945, -0.014502231375453044, 2.407892553764726, 0.11541998324666344, 1732915530152301272, 
0.04698055982589722, 0.2562599778175354, 0.006345730524836085, 0.001008806239380131, 0.08334376877464374, 0.012104159125655562, 2.414136694253393, 0.10946730949030761, 1732915530253291455, 
-0.05090045928955078, 0.043892741203308105, -0.03743716344423444, 0.00022526756930352508, 0.09020351951493118, 0.0024973257198266756, 2.420332054691184, 0.10354963790870457, 1732915530361799890, 
0.2133428454399109, 0.3114004135131836, 0.15454914943779213, 0.00031715899159705447, 0.09109986578994578, 0.003481443016923277, 2.426864467803385, 0.09732258827826078, 1732915530461579043, 
-0.13678336143493652, 0.0015631318092346191, -0.06852142391487648, -0.0008703465037558677, 0.0944178848772551, -0.009218025852700824, 2.433305104027997, 0.09118488820905242, 1732915530551271387, 
-0.18584764003753662, -0.372067928314209, -0.15829154926427455, -0.005163619837126524, 0.09399361119270128, -0.0549358596994461, 2.440321153673377, 0.08449445159743822, 1732915530651400233, 
0.16962313652038574, -0.18595808744430542, 0.09283590814554013, -0.0020363507418987422, 0.09978604935333374, -0.020407168688362447, 2.4474509499303223, 0.07767399965682158, 1732915530751697439, 
-0.2190415859222412, -0.20920240879058838, -0.14593415357490894, -0.002814318053233657, 0.10155342922671043, -0.027712683605699843, 2.454603531292787, 0.07076544572498383, 1732915530861717988, 
0.13428789377212524, 0.1552765965461731, 0.0685422473556683, 0.001788263340845811, 0.08363567000944981, 0.02138158683542272, 2.461718571922176, 0.06386856989875565, 1732915530951372467, 
0.09889012575149536, 0.1420447826385498, 0.09181580072389645, 0.0032721433299208106, 0.09804163060420917, 0.03337503986577238, 2.4678669035175944, 0.05788983249526204, 1732915531051441145, 
0.0759696364402771, 0.2699085474014282, 0.07966887898759564, 0.004053266357673624, 0.10418663837880011, 0.03890389805012062, 2.4748393961048833, 0.051142582850674294, 1732915531161003493, 
-0.1903476119041443, 0.04147142171859741, -0.12710760350276665, -7.517476618171208e-05, 0.09621667491109068, -0.0007813070473613598, 2.482108339714446, 0.04415185808860312, 1732915531261346343, 
-0.014989137649536133, 0.13674038648605347, -0.04126510864659917, 0.00145628834244095, 0.08718921123360712, 0.016702620907294352, 2.4891031305399363, 0.03746775173614849, 1732915531351312773, 
-0.23315191268920898, -0.0572894811630249, -0.1880836210316773, -0.0014932685257580763, 0.09361438103976288, -0.01595127275502476, 2.4957157376321915, 0.031148513550558303, 1732915531451417928, 
0.002863943576812744, -0.1981348991394043, -0.04181906701097585, -0.0026965267551737823, 0.09268702318847141, -0.02909281863212521, 2.5028108196573697, 0.02438000694071392, 1732915531551713190, 
-0.11434561014175415, 0.03086322546005249, -0.09730493344422866, 0.003944956838589578, 0.09359452969145508, 0.04214943813056782, 2.509661146691891, 0.01782900936185767, 1732915531661088324, 
-0.1982458233833313, -0.5063523650169373, -0.1746295682530543, 0.009825508040711027, 0.07365230267506062, 0.13340394914819192, 2.516229995453897, 0.011540419937619124, 1732915531751287222, 
0.2894689440727234, -0.1697884202003479, 0.1806983469141717, 0.009217592924393796, 0.07066895978921303, 0.1304334031785307, 2.5217060238406974, 0.006361614124891675, 1732915531851367118, 
0.33671945333480835, 0.22787338495254517, 0.30028854513768966, 0.015243424052925452, 0.11693400666187445, 0.13035920420484035, 2.527465348860943, 0.0010546507968398652, 1732915531961360041, 
0.14994722604751587, -0.30288195610046387, 0.18477192631566552, 0.005332880192921641, 0.07170270194508847, 0.07437488474291638, 2.534552297255049, -0.00529954135895403, 1732915532061324239, 
-0.13224148750305176, -0.5080951452255249, -0.0580429874620943, 0.005345866322634929, 0.063119470605528, 0.08469441000296885, 2.539466061227506, -0.009604850509052491, 1732915532151292502, 
-0.14252370595932007, -0.3126652240753174, -0.1226496186598571, 0.00632759782045282, 0.06747753966380023, 0.09377339262781977, 2.544513018138612, -0.013961984812117235, 1732915532251325100, 
-0.008881151676177979, 0.19466543197631836, -0.035305358739858975, 0.017554993584848855, 0.099965543643511, 0.17561044480938398, 2.5506375224233166, -0.019153280373553308, 1732915532351738047, 
0.16773605346679688, -0.2636980414390564, 0.11989703350902124, 0.012276853322487978, 0.0593005817335011, 0.20702753604780116, 2.5573797564224505, -0.02472526080539974, 1732915532461900970, 
-0.2700677514076233, -0.05352240800857544, -0.17854705494254247, 0.015903485813526054, 0.08059526847355904, 0.19732530351634134, 2.562408447041022, -0.02873903290088063, 1732915532551326305, 
0.23927265405654907, 0.23747944831848145, 0.14157805640308047, 0.023703946405218276, 0.1150467114688509, 0.20603758336574585, 2.569853154570233, -0.03443596103005591, 1732915532652283354, 
0.1691654920578003, 0.30766212940216064, 0.16281347496412762, 0.03216929687345239, 0.14951711551470015, 0.2151546113146463, 2.5795983456967315, -0.04158288249053279, 1732915532751113246, 
0.07784026861190796, -0.08432918787002563, 0.09734859454627111, 0.016740091968006614, 0.0936824822834991, 0.1786896713234845, 2.5901642107025045, -0.04898490731534798, 1732915532861906811, 
-0.1353245973587036, 0.1306614875793457, -0.08070100110066443, 0.021233026256806682, 0.11184383470849267, 0.1898452991364967, 2.5983082599977694, -0.054454812700339236, 1732915532951308152, 
-0.2132745385169983, 0.12284326553344727, -0.18212685442704835, 0.022926120882455298, 0.11287772194119511, 0.20310580766680347, 2.60791892007709, -0.06065554036208888, 1732915533051305612, 
0.35434913635253906, -0.296858549118042, 0.22824471805850627, 0.007893236723231844, 0.04785078210633509, 0.16495522906378657, 2.616096417514231, -0.0657018193584905, 1732915533163806832, 
0.0589064359664917, -0.05463826656341553, 0.09866420088835434, 0.01622552610046989, 0.07725347454186206, 0.21002972612808002, 2.6204431218711, -0.0682741869482085, 1732915533261089050, 
-0.0018319487571716309, -0.08346325159072876, 0.021689361376698663, 0.018511092400928884, 0.07847472296420183, 0.2358860496949212, 2.6269811362773163, -0.07198541419110895, 1732915533351311850, 
0.002363860607147217, -0.13357186317443848, 0.006816146735100262, 0.016512620022221394, 0.06685652730118384, 0.2469859068185404, 2.6335508971559065, -0.07552688466389448, 1732915533451327519, 
-0.2568832039833069, 0.349673867225647, -0.19458672527793447, 0.03972693123754899, 0.1438203049680732, 0.27622616463209426, 2.6415979222877812, -0.07964061697777179, 1732915533551084899, 
0.34618788957595825, 0.15679919719696045, 0.21937147864644813, 0.03840258504138692, 0.12824030777831785, 0.29945799184895444, 2.6544051900132346, -0.085746893076137, 1732915533661615222, 
-0.11527872085571289, 0.01580190658569336, -0.03705286690238219, 0.03033090401318018, 0.10468107195244118, 0.28974582937935667, 2.6650989319666225, -0.09047720024419545, 1732915533751313346, 
-0.11055684089660645, -0.2001684308052063, -0.09362337471547093, 0.011598917758799636, 0.048993811916942596, 0.23674250492006732, 2.6734943932996686, -0.09389577468352721, 1732915533851344219, 
0.1370222568511963, -0.181138813495636, 0.08296138295979037, 0.011039648083432108, 0.04599599921311562, 0.24001322446070888, 2.6781323198831384, -0.09564032013147752, 1732915533952814108, 
-0.11413222551345825, 0.11905848979949951, -0.06763527646882399, 0.024379267139508394, 0.10015911003811112, 0.24340538898790076, 2.683828350037809, -0.09764226676739793, 1732915534061953526, 
0.09028571844100952, 0.1783871054649353, 0.05342058604078201, 0.034399092928081784, 0.12332144641299128, 0.2789384484908054, 2.6940995857227703, -0.10095803558551644, 1732915534151473916, 
0.14343488216400146, 0.026111841201782227, 0.12217592060384258, 0.03094764281540496, 0.10369584715757844, 0.2984463087357419, 2.7051906516977375, -0.10421889675315293, 1732915534251305148, 
-0.37411606311798096, 0.16206103563308716, -0.25762973372008297, 0.03512312227517623, 0.12974603063069254, 0.27070671915312955, 2.7158690928072757, -0.10704941946530018, 1732915534361046310, 
0.2766348123550415, -0.2766920328140259, 0.15094301030661772, 0.00809063287424788, 0.03978251290218403, 0.20337158927443494, 2.726491281703651, -0.10951502042747863, 1732915534461910903, 
-0.12649011611938477, -0.16703921556472778, -0.0614039175431218, 0.012237406921747445, 0.05717738113815039, 0.2140253134745672, 2.730592353265087, -0.11036601740170146, 1732915534551317636, 
-0.07728433609008789, 0.009866476058959961, -0.07335910444149603, 0.01919106026253207, 0.08538809422150301, 0.2247510081762575, 2.737202441167545, -0.1115982093641565, 1732915534651303082, 
0.0023974180221557617, 0.03932589292526245, -0.015258713863498113, 0.022487467481906796, 0.09733568403150741, 0.23103004520549358, 2.7461438435726557, -0.11305967951148879, 1732915534751339036, 
0.03522181510925293, -0.03942912817001343, 0.02331839155059412, 0.020159418233807798, 0.08498881279962459, 0.23720084526109353, 2.7554398521663885, -0.11435784871579453, 1732915534861574165, 
0.29157555103302, 0.3340863585472107, 0.22900989200822472, 0.03633287028197461, 0.14790588746404415, 0.24564857359587602, 2.7654940091289677, -0.11553654792557212, 1732915534952332426, 
0.08452707529067993, 0.11318373680114746, 0.11816237071830132, 0.027184451170641128, 0.12760163454065138, 0.21304155913442233, 2.779062193099162, -0.1167824095614569, 1732915535051409494, 
-0.2546119689941406, -0.14128226041793823, -0.16751729600206233, 0.014674682023262166, 0.08146465133462723, 0.18013557761370508, 2.7903353655632115, -0.11754795680792329, 1732915535151502856, 
0.03930997848510742, 0.03573507070541382, -0.00904722574061173, 0.02085799443132379, 0.09095794001763004, 0.2293147187291287, 2.799091661627376, -0.11796630706402628, 1732915535261681927, 
0.11143773794174194, -0.08054208755493164, 0.083088695165945, 0.0158435768698713, 0.07480927707228649, 0.21178625820113214, 2.807674818221147, -0.1182082673716773, 1732915535352455068, 
-0.14895284175872803, -0.21266740560531616, -0.0946636683207257, 0.011813027474640383, 0.05984093652726433, 0.19740712896861515, 2.8146166033650317, -0.11824822116840669, 1732915535451330798, 
0.3831027150154114, -0.020806193351745605, 0.2712320296428142, 0.016885375238837225, 0.08287762087371597, 0.2037386578044532, 2.8212933273558467, -0.11815163862192322, 1732915535551493648, 
0.05139493942260742, 0.23611873388290405, 0.10306179149700978, 0.017160219731439115, 0.12791111952050083, 0.13415737268008804, 2.8302421510641365, -0.11785083677370273, 1732915535661532511, 
0.3556026220321655, -0.3910596966743469, 0.29592645817950325, 0.0070414455233568495, 0.06236675765356908, 0.11290382550380806, 2.84063011605233, -0.11728851750622106, 1732915535752342959, 
-0.14219427108764648, -0.2543081045150757, -0.03956426576954575, 0.010089825559653128, 0.06926374377748654, 0.14567254106372346, 2.8464099525335507, -0.11690498781958916, 1732915535851571051, 
-0.17020243406295776, 0.22871124744415283, -0.13930855178082538, 0.019365923230894862, 0.10853360593101387, 0.17843250544171757, 2.8547128068860665, -0.11625921926464634, 1732915535951067813, 
0.07568013668060303, 0.22214746475219727, 0.025434060274182296, 0.026474131778842475, 0.12556327163805994, 0.21084295935801184, 2.8662735876090752, -0.11517358949967386, 1732915536061414564, 
0.0011040568351745605, -0.09877824783325195, 0.00656767293421261, 0.010968295070734315, 0.08662511696517124, 0.12661795394913306, 2.877565828936048, -0.11390206729900283, 1732915536152396466, 
-0.15003156661987305, 0.12893027067184448, -0.11320057173398265, 0.008497710422685205, 0.10466579046096873, 0.08118899580521598, 2.8867758038687166, -0.11269733085829253, 1732915536251553517, 
0.14280670881271362, 0.5990908741950989, 0.08296852818050585, 0.01569266563083055, 0.12911345836619484, 0.12154167218046794, 2.898042958870229, -0.11108323177492396, 1732915536351563659, 
-0.10697990655899048, -0.1405680775642395, -0.06269063540147585, 0.010360563666674557, 0.09214443453370345, 0.11243830101192925, 2.909573518199194, -0.10931984516071179, 1732915536461644821, 
-0.06160527467727661, -0.040601909160614014, -0.061879336010811616, 0.01084368876785941, 0.08248314005215544, 0.13146551841991913, 2.91854831367664, -0.10783760163730281, 1732915536553635293, 
0.008925676345825195, 0.1317921280860901, -0.007537357383579531, 0.006273088381749305, 0.10121959075424637, 0.06197504193610007, 2.927400252222108, -0.10627840491128719, 1732915536651763628, 
0.02966207265853882, 0.20830047130584717, 0.020971494362389837, 0.003238079900736657, 0.10646807278351368, 0.03041362369093306, 2.9375026720292228, -0.10437776149896469, 1732915536752175855, 
0.16880518198013306, 0.3750638961791992, 0.13411362217729914, 0.007173619672435467, 0.10558834743195297, 0.06793950134562479, 2.947776127362734, -0.10238144789722309, 1732915536861468454, 
-0.09411293268203735, 0.09610164165496826, -0.04067946477651066, 0.009176046241769419, 0.10223065149240537, 0.08975826826703828, 2.9577573271644853, -0.10040022828685911, 1732915536955977826, 
-0.03168797492980957, -0.5085896253585815, -0.03401174875104898, 0.002537661723420262, 0.06120223730417322, 0.041463545046697595, 2.9666686802501308, -0.09856671593901471, 1732915537047746567, 
-0.03696334362030029, -0.3269842863082886, -0.03613829731598709, 0.0016894920435270467, 0.08063540351137445, 0.02095223648615743, 2.973351476359181, -0.09714059961021888, 1732915537147491130, 
-0.01378929615020752, -0.29056471586227417, -0.018989235149356246, -0.0015512396616934791, 0.08430035160455018, -0.018401342724764503, 2.9814252228119664, -0.09538744306815673, 1732915537257445011, 
-0.17305099964141846, 0.0010257959365844727, -0.13687725109405804, -0.0028166013599660064, 0.08903292952388103, -0.031635501325501345, 2.989948858372493, -0.09352651452198524, 1732915537355465567, 
-0.2530556917190552, -0.1342160701751709, -0.2257066139261366, 6.140894870771087e-05, 0.09246199364750662, 0.000664153413583321, 2.999231647686824, -0.0915173381676888, 1732915537447625651, 
0.25764012336730957, 0.21912211179733276, 0.1443980903859633, 0.005308200422249857, 0.09185267878724239, 0.05779037141143372, 3.0086548169904046, -0.08949720610673077, 1732915537547957485, 
-0.03570812940597534, 0.24902164936065674, 0.006544037321601942, 0.0032804778120484094, 0.10769574297849226, 0.0304606080177519, 3.0177788760249955, -0.08753127884188844, 1732915537656524396, 
-0.1391134262084961, 0.5434483289718628, -0.10497268602809873, 0.0007304760241152116, 0.1043501360292873, 0.007000240267153974, 3.0282601681537216, -0.08521813577711355, 1732915537756352202, 
0.003813505172729492, -0.5296148657798767, -0.02170977370867601, -0.0046695283474748675, 0.09261118759871423, -0.05042078034576135, 3.0383423891420427, -0.08297165193610731, 1732915537846341057, 
-0.29306089878082275, -0.547924816608429, -0.2292847777449437, -0.0063455930004455464, 0.1128757080245859, -0.05621752555530716, 3.048226210697557, -0.08077528951918024, 1732915537947430470, 
-0.06474757194519043, -0.2531664967536926, -0.1032607830214464, -0.0044414325141504205, 0.1036359326491853, -0.04285610599158665, 3.059552901812902, -0.07831810435081382, 1732915538056444559, 
0.13278114795684814, -0.44690191745758057, 0.07752714417923401, -0.0035742246454926224, 0.1122458839813063, -0.03184281257108619, 3.0701194095695974, -0.07608335213349189, 1732915538156394874, 
-0.05089080333709717, 0.07882881164550781, -0.020878125557873176, -0.002502995742549805, 0.10142831111461317, -0.024677486148038493, 3.0806332860374512, -0.07390443398046502, 1732915538251485622, 
0.04074984788894653, 0.4288232922554016, 0.02621666651957509, -0.0026693551992731414, 0.08585146626688134, -0.03109271530639996, 3.0901392176072555, -0.07196513235375976, 1732915538352053076, 
-0.0775110125541687, 0.31079554557800293, -0.05321522197798101, -0.0019784660695896443, 0.08268059446916451, -0.023929025695715186, 3.0984341947336693, -0.07029435422997049, 1732915538461532000, 
0.011628687381744385, 0.24694472551345825, -0.0035355893457548124, -0.0015469125794328848, 0.08508436128941177, -0.018180927211419153, 3.106752295558807, -0.06864387169274094, 1732915538551363827, 
-0.06358391046524048, 0.21018469333648682, -0.049475689151249024, -0.0006710120022929774, 0.08885426739715435, -0.0075518264001180335, 3.1152464929720227, -0.06697766496942255, 1732915538651364949, 
-0.19871020317077637, -0.1443042755126953, -0.16367992376487447, -0.005512962719188706, 0.08858734940692407, -0.06223194119811657, 3.12419263683418, -0.06524207565681155, 1732915538752806292, 
0.0004546642303466797, -0.049560725688934326, -0.03794074486074553, -0.008328224408538124, 0.08986843412881831, -0.0926712976505228, 3.1333312684506147, -0.06348991178145072, 1732915538861600373, 
0.014173805713653564, 0.025088250637054443, 0.0020219298051109627, -0.004310969269419389, 0.09845442681317898, -0.0437864442357642, 3.142512581539392, -0.06179051240268741, 1732915538951402666, 
-0.13292819261550903, 0.5346296429634094, -0.10141638689090643, -0.0012300746885526234, 0.07447465106023946, -0.016516689518392868, 3.1515828626000055, -0.060188032783544114, 1732915539051351659, 
0.047891318798065186, -0.07702475786209106, 0.012994757252069458, -0.0036165844673713594, 0.08567088920575527, -0.04221485852312598, 3.1594582184621514, -0.05882783055970863, 1732915539161407391, 
0.030250132083892822, 0.10525596141815186, 0.026193708126861327, -0.007235770846887194, 0.08538369301589693, -0.08474417762112985, 3.1678531103338265, -0.05740093633692812, 1732915539261392030, 
-0.15041697025299072, -0.4924265146255493, -0.10879496565191189, -0.01684177418935274, 0.12206189985430768, -0.1379773230586692, 3.1774028830876224, -0.05583043225017133, 1732915539351402453, 
0.14825338125228882, -0.10054415464401245, 0.08793522518853485, -0.011329141192596946, 0.10651511717638797, -0.10636181504486356, 3.1891736406014335, -0.054011374596922054, 1732915539451381339, 
0.11902403831481934, 0.13764899969100952, 0.11155705016266519, -0.006308256621371802, 0.08532728484661384, -0.07393012250081155, 3.1988283596964036, -0.052647836107916075, 1732915539552038742, 
0.019040942192077637, 0.25016337633132935, 0.04064217388840213, -0.004135383463826209, 0.07955456135561342, -0.05198172667109317, 3.206832735486269, -0.05159551487907231, 1732915539661545952, 
0.00874859094619751, -0.31087952852249146, 0.016345201044815096, -0.011215709417377177, 0.10353488711668316, -0.1083278277469617, 3.2153318129906974, -0.05053977074295719, 1732915539751413921, 
0.177543044090271, -0.24012166261672974, 0.13979388210081714, -0.011205169958348625, 0.11549893115936802, -0.0970153562969988, 3.2258293572242445, -0.04930446711586667, 1732915539851363656, 
0.10945755243301392, -0.2947190999984741, 0.11653890241503037, -0.013860335453935311, 0.12361340919823505, -0.11212647190813996, 3.2371633447449737, -0.0480944642061359, 1732915539947508303, 
0.0168800950050354, 0.16258031129837036, 0.039962234718577544, -0.007234421245611168, 0.08487199390862352, -0.08523920450602382, 3.248005295157083, -0.04704786307470791, 1732915540061401094, 
-0.1800794005393982, 0.10572731494903564, -0.1285210109420915, -0.00544567321317399, 0.07986985314741203, -0.06818183580634819, 3.25633586300332, -0.04632861707800323, 1732915540151368303, 
0.5947468876838684, -0.3224216103553772, 0.42529573936340975, -0.00927911420607039, 0.10004968655922718, -0.09274506023142173, 3.264865931729678, -0.04566404506798686, 1732915540251407628, 
-0.22505927085876465, 0.0646621584892273, -0.07278416945812294, -0.007662764824489075, 0.09676675387355657, -0.07918799089304862, 3.2738345606629786, -0.04503208223385566, 1732915540347043412, 
-0.19760644435882568, -0.318722128868103, -0.16828128024796957, -0.008604320536153471, 0.09775704215115114, -0.088017398509762, 3.283805307618527, -0.04441775506593865, 1732915540462431436, 
-0.019355416297912598, 0.27752429246902466, -0.05446323223447569, -0.001727468795253123, 0.050480565471081144, -0.034220472356688236, 3.292565071396367, -0.0439480305054233, 1732915540552428916, 
0.034402430057525635, -0.17443245649337769, 0.013671850443826905, -0.004655158562554068, 0.06441570538326136, -0.07226744681063024, 3.298140200569252, -0.04369158651082654, 1732915540651372163, 
-0.0844123363494873, -0.1730993390083313, -0.06135301179712342, -0.006558154731108605, 0.07502222756361561, -0.08741615577260184, 3.3049089835808445, -0.04341021106551626, 1732915540748727392, 
0.15123891830444336, 0.1297202706336975, 0.10130678391094579, -0.00469055515665561, 0.057084439535011466, -0.08216871698948297, 3.3119269946389016, -0.043173158962054696, 1732915540862525746, 
-0.1947697401046753, 0.3839757442474365, -0.12549271274306573, -0.0015840926566184114, 0.03834475520424781, -0.04131184690528228, 3.316934410146961, -0.04304539868684575, 1732915540952390227, 
0.16015058755874634, -0.3143015503883362, 0.0933398802479046, -0.002171231508199544, 0.05800135339399515, -0.037434152500729935, 3.3215853866711536, -0.042958503882798225, 1732915541051390713, 
-0.006305098533630371, -0.0047345757484436035, 0.016993121988806772, -0.00382086292772618, 0.054632790332275284, -0.06993717334384325, 3.327048910712072, -0.04288227043740706, 1732915541161672193, 
-0.16830861568450928, -0.07820117473602295, -0.12483336741766542, -0.004278748833861552, 0.05811741670498644, -0.07362248834254255, 3.3329973493570306, -0.04282500011049194, 1732915541263408399, 
-0.08921778202056885, 0.08352547883987427, -0.097555316546154, -0.0026988379197662744, 0.04922108229686538, -0.05483093410032856, 3.3385419350051366, -0.04281235824449196, 1732915541352431010, 
0.06707656383514404, 0.20688265562057495, 0.02847815009424108, -0.002072610737869159, 0.04219924379206505, -0.049114878647633094, 3.34347097913187, -0.042833515590379234, 1732915541451383861, 
-0.09472799301147461, -0.053245604038238525, -0.06580052152636191, -0.0022882478862100084, 0.05013362147654113, -0.045642980076369334, 3.347901864818112, -0.0428755504312117, 1732915541561843342, 
0.052533626556396484, -0.024288177490234375, 0.024815897591883435, -0.0012482249367588268, 0.05003491420675206, -0.024947078585984318, 3.3530500091177395, -0.04294877100598251, 1732915541663181994, 
-0.154535174369812, 0.015249073505401611, -0.1124774694993991, -0.0002677122348231521, 0.050939678783986336, -0.005255475519553365, 3.3581030772859277, -0.04304041688933181, 1732915541752409966, 
0.1326284408569336, 0.03052884340286255, 0.07516114841199587, -0.002547325750362482, 0.043547834111571974, -0.05849488963873821, 3.3631717315454313, -0.04314572547420194, 1732915541851401207, 
-0.05763620138168335, -0.05710393190383911, -0.026512001492657644, -0.002613819215172215, 0.04701072820946534, -0.05560048343701124, 3.36747721334667, -0.04324204135623563, 1732915541949480475, 
0.009457826614379883, 0.07888269424438477, 0.0009828548849349014, -0.0015264249280553999, 0.03781158866660485, -0.04036923551438971, 3.3719881354045445, -0.043368792958692455, 1732915542059440298, 
0.10778594017028809, -0.0667414665222168, 0.08276185412746223, -0.002704165259704104, 0.042492420051734564, -0.06363876795936263, 3.3758489545931565, -0.04349821658357149, 1732915542151449278, 
0.0160675048828125, -0.06591594219207764, 0.031678350470387466, -0.001985244807993338, 0.0451028656442041, -0.04401593512159576, 3.3799286026791373, -0.04365287281840554, 1732915542251398362, 
0.015238821506500244, 0.06732666492462158, 0.019045912906648407, -0.0010519462175559496, 0.03987113378443964, -0.026383654481540945, 3.384192008697219, -0.04383922078654004, 1732915542349249376, 
0.1418534517288208, -0.08102166652679443, 0.11299156592397573, -0.0017682077686024709, 0.03188703557110333, -0.05545224687505464, 3.3877994656719923, -0.044012850750103374, 1732915542459917907, 
0.09915006160736084, 0.03047478199005127, 0.10235681949447652, -0.0014514392069474478, 0.03634337515294725, -0.03993683032572565, 3.3907855146266677, -0.04416544553837066, 1732915542551409002, 
-0.10231858491897583, -0.0009940266609191895, -0.05435602204964303, -0.0008552512686189328, 0.03896452171898416, -0.02194948714595001, 3.3942996093146913, -0.044362628590993984, 1732915542651410236, 
-0.03401464223861694, 0.0068550705909729, -0.038799709170786914, -0.0010066301664677956, 0.031114954270326997, -0.032351973193409954, 3.3981064146163273, -0.04459052361670491, 1732915542762875771, 
0.07370293140411377, 0.1467580795288086, 0.04731238797210437, -0.0013354120594738224, 0.02671898914909311, -0.04997988703922014, 3.4011279006681243, -0.044779320872953055, 1732915542859940498, 
-0.08433490991592407, 0.06297081708908081, -0.053466283655569435, -0.0012498720361540274, 0.029845179206571405, -0.04187852341254586, 3.4038242510467636, -0.044957087720869066, 1732915542952453528, 
0.2498387098312378, -0.0084267258644104, 0.17873496095209274, -0.0011700271249229803, 0.030813055032057172, -0.03797179876210625, 3.4068171881987066, -0.04516916401249386, 1732915543052398911, 
-0.07961785793304443, -0.07272714376449585, -0.019097615202233964, -0.0018033386794573296, 0.03547012405601847, -0.050841059270311295, 3.4096345799267262, -0.04538072778609431, 1732915543150952476, 
-0.12648248672485352, 0.01531672477722168, -0.10138304390050552, -0.0007199681766685448, 0.018448029695362425, -0.039026833139234086, 3.412776375375865, -0.04562937859228041, 1732915543260897628, 
-0.019823729991912842, -0.07442367076873779, -0.03900634546805873, 9.10019395850625e-06, -0.0007858460840904965, -0.011580122549110124, 3.414290452486505, -0.0457563377705881, 1732915543352454766, 
-0.056560218334198, 0.00907057523727417, -0.052411880807160735, -6.505665166352031e-07, 0.0006688086640105296, -0.0009727244152820374, 3.414385316012135, -0.04576434879033399, 1732915543452424354, 
0.05273425579071045, -0.031811416149139404, 0.02809279896215404, 3.762670812358268e-06, -0.0010277440160140505, -0.003661097271041496, 3.4144995866414605, -0.04577440263110775, 1732915543550928846, 
0.0038224458694458008, -0.004639983177185059, 0.009506787902920331, -2.023783972575278e-07, 0.00034573487743966833, -0.0005853571926449433, 3.4143680030798476, -0.04576282651155072, 1732915543660426008, 
0.030119657516479492, 0.04195672273635864, 0.025280329636607476, 7.15595883833325e-07, 0.000508993121180446, 0.0014059048227876444, 3.414366582170553, -0.045762705879862156, 1732915543752465162, 
-0.023646533489227295, -0.010155856609344482, -0.012185766747656378, -3.999035237889737e-08, 0.000445345181574271, -8.979630640110138e-05, 3.414366626036898, -0.04576271010594941, 1732915543853455026, 
0.03989821672439575, 0.013174057006835938, 0.02768623142638108, 2.077734180126435e-08, -2.3986982422372983e-05, -0.0008661923970013437, 3.414403675973903, -0.045765976759122126, 1732915543949087124, 
-0.013224005699157715, 0.01153331995010376, -0.003641089052297739, 6.32350268153938e-07, 0.000564573245052059, 0.0011200500089153698, 3.4143587976920986, -0.04576201852046324, 1732915544060110893, 
-0.05088162422180176, 0.006702244281768799, -0.03980343831188056, -2.58954765422979e-08, -0.00016795634777765577, 0.00015417980257929214, 3.4144313932602737, -0.045768423332721714, 1732915544153429224, 
-0.006423056125640869, -0.00321120023727417, -0.01423334192194528, 1.897476075622939e-07, -0.0008428017070960538, -0.00022513908783607675, 3.4144956777734263, -0.045774090617452357, 1732915544253521840, 
0.038262367248535156, 0.022794365882873535, 0.02596076803580151, 8.262624016366363e-08, -0.00031813929232838724, -0.00025971718098365484, 3.4144406703326506, -0.04576924235328843, 1732915544350462179, 
-0.008194923400878906, 0.041619181632995605, -0.0001940957523524564, 5.994984095917154e-07, 0.00048534811727924537, 0.0012351926138137125, 3.414374080449955, -0.04576337242250711, 1732915544460748290, 
-0.009272396564483643, -0.007818877696990967, -0.007145481258027992, 8.945669293377615e-09, 5.119272915729648e-05, 0.0001747449186756747, 3.414415009682911, -0.04576698021582974, 1732915544553460553, 
0.0023832321166992188, -0.005483806133270264, 0.00015126206113841127, 5.442456313703885e-08, -0.0001476862403638179, -0.00036851478514834273, 3.4144303209110727, -0.045768328537398574, 1732915544654463067, 
0.010994136333465576, 0.0036276578903198242, 0.008451989446661624, 1.4941799847420628e-08, 4.9593358354248684e-05, 0.0003012863081521995, 3.4144148776491923, -0.04576696878685303, 1732915544752848359, 
-0.0475350022315979, -0.014177203178405762, -0.03440865721477143, -3.370857616661652e-09, -4.250333170685301e-05, 7.930807965621559e-05, 3.4144236420068004, -0.045767740608783226, 1732915544861213777, 
0.02033597230911255, -0.030171513557434082, 0.007512472562351186, -1.402885659263289e-08, -0.0005739161044813353, 2.4444089446333232e-05, 3.4144763572081325, -0.045772381873025986, 1732915544952475009, 
-0.0049887895584106445, 0.006314337253570557, -0.0020577194864104687, -9.777039893807208e-11, -1.3903936441994456e-05, 7.031850249456935e-06, 3.4144206070621133, -0.04576747393543462, 1732915545051444712, 
-0.015759587287902832, 0.008809089660644531, -0.012545182586724251, -2.802005545548957e-10, -0.00011224634300422737, 2.4963000758460602e-06, 3.4144304089256847, -0.045768336845135045, 1732915545150992241, 
0.00037926435470581055, 0.004248440265655518, -0.0026457643741482958, -3.610124619109778e-10, -0.00026246680505570574, 1.3754595055719782e-06, 3.4144453758258466, -0.04576965442137123, 1732915545262072821, 
0.03218919038772583, -0.00607907772064209, 0.02402186885283921, 7.554353484125645e-11, 3.14875197024244e-05, 2.399158001493523e-06, 3.4144160801752896, -0.04576707545769445, 1732915545352477123, 
-0.013609349727630615, 0.023296475410461426, -0.0047952764290073065, 1.1366853961340654e-09, 0.000417488527444236, 2.7226745680715564e-06, 3.4143764065391595, -0.0457635829096163, 1732915545452431108, 
-0.05036568641662598, -0.023639023303985596, -0.0396783484134315, 1.30603027901874e-09, -0.00020588097004986175, -6.343618250401851e-06, 3.414436733168909, -0.045768893571450066, 1732915545552261942, 
7.158517837524414e-05, -0.033822476863861084, -0.00923222339160559, -3.5356524091437887e-09, -0.0008003412870304077, 4.417680889939466e-06, 3.4144955841486064, -0.04577407432459786, 1732915545662435888, 
0.037791430950164795, -0.014681220054626465, 0.026770876215642173, -1.9785801948502403e-09, -0.00019447887778958027, 1.0173753660749723e-05, 3.4144352311037713, -0.0457687613281142, 1732915545752452997, 
-0.037953317165374756, 0.006477534770965576, -0.022784921013712798, 4.505054529909754e-10, 0.0002935458298288585, 1.5347022754628355e-06, 3.414386597888783, -0.04576448007591697, 1732915545852485101, 
-0.0037343502044677734, -0.015075206756591797, -0.00819337751840663, 1.0191145356092713e-09, -0.0003794418923543303, -2.6858250397338893e-06, 3.4144535756264283, -0.04577037617464596, 1732915545952553330, 
-0.020859062671661377, 0.020087063312530518, -0.017883306164808176, 2.124450854291356e-09, -0.00033715359272916683, -6.3011366335873885e-06, 3.4144493350317062, -0.045770002874101524, 1732915546062708786, 
-0.0044144392013549805, -0.003461182117462158, -0.007563739506526187, 2.5600745423606997e-10, -0.0004384928252868501, -5.838349899307859e-07, 3.4144594423256085, -0.045770892627807716, 1732915546152491122, 
-0.02447676658630371, -0.014095842838287354, -0.02050496352955225, -1.5864776480844645e-09, -0.0003540522805092314, 4.480913513119144e-06, 3.4144511074856134, -0.04577015889628512, 1732915546252446686, 
0.004517614841461182, -0.007176816463470459, -0.001340116774483674, -1.5579979035653918e-09, -0.00045158867995779856, 3.4500375512313293e-06, 3.4144608033443564, -0.04577101243557991, 1732915546352857415, 
0.04337334632873535, 0.008139312267303467, 0.03288953290961609, -1.184630763264011e-10, 6.158408698346042e-05, -1.9235988082151256e-06, 3.4144097127368753, -0.04576651487747375, 1732915546462504274, 
-0.02308756113052368, -0.012014627456665039, -0.009974434007449628, -1.6180447247606415e-10, 0.0005354992130911554, -3.0215632165368084e-07, 3.4143625020210857, -0.04576235888166461, 1732915546552465873, 
-0.005962252616882324, -0.005156874656677246, -0.006901142635813378, 1.2577884799388733e-10, -9.078597693385317e-05, -1.3854435700519038e-06, 3.414425032003668, -0.0457678634519363, 1732915546652447750, 
-0.01082700490951538, -0.01068967580795288, -0.009902832965333619, -1.2892489296397272e-10, -0.0001999088620081097, 6.449183476355472e-07, 3.4144359034544327, -0.04576882047565856, 1732915546752830605, 
-0.02173793315887451, 0.018226444721221924, -0.018956988235323283, 7.666636700873095e-10, -0.0003319062539152112, -2.3098801575554567e-06, 3.414449059062028, -0.04576997857606568, 1732915546862080716, 
0.022652864456176758, -0.026938319206237793, 0.012904184248195685, -2.210674631261997e-09, -0.0003355212111848609, 6.588777572229226e-06, 3.4144494448527873, -0.045770012539997525, 1732915546952471862, 
0.025762200355529785, -0.021883368492126465, 0.022742438302924706, 2.0415081307160378e-09, 0.0002803477542688783, 7.282056301967202e-06, 3.414388116118129, -0.04576461370921707, 1732915547052491594, 
-0.04086798429489136, 0.0037488937377929688, -0.02596111699664457, 7.920717085606041e-10, 0.000315343259091317, 2.511776249294221e-06, 3.4143846312639177, -0.045764306936479045, 1732915547152932313, 
-0.010824263095855713, -0.028601884841918945, -0.014364094276524157, 2.947249145240251e-09, -0.0004666255618451633, -6.316090215002438e-06, 3.414462530838834, -0.0457711644250254, 1732915547262060882, 
0.00886625051498413, -0.010429620742797852, 0.0034266114557372756, -7.678710875143688e-10, -0.00034202443355493763, 2.245076702659109e-06, 3.414450130910412, -0.045770072864978494, 1732915547352477730, 
0.023794889450073242, 0.011426329612731934, 0.019018020218289043, -2.235168980904295e-10, 9.065549536837728e-05, -2.4655636945358012e-06, 3.414407037726458, -0.04576627936596206, 1732915547452800612, 
-0.044830143451690674, 0.013490676879882812, -0.02986501331866695, 1.9297416953518653e-10, 0.00018245651852596316, 1.0576446985517085e-06, 3.4143978955542185, -0.04576547457969299, 1732915547552529227, 
-0.01063835620880127, -0.011540889739990234, -0.015135025333587097, 3.960607453206784e-10, -0.000570793409208068, -6.938775727459472e-07, 3.4144729230203033, -0.04577207926073065, 1732915547643903599, 
0.023540794849395752, 0.012621939182281494, 0.014479623798004404, 1.524353945036702e-09, -0.00031609075522566043, -4.82251986126089e-06, 3.414447525856385, -0.0457698435434485, 1732915547752475962, 
-0.018574118614196777, 0.011283814907073975, -0.010827223619244214, -4.688248608518173e-10, 0.0001179356043233932, -3.975261444934346e-06, 3.414404290708835, -0.04576603753890331, 1732915547852480121, 
-0.015485942363739014, 0.006057143211364746, -0.014389074915118096, 9.486698678471861e-11, -0.00024636954406556763, -3.8505971646995115e-07, 3.414440563472264, -0.0457692306560207, 1732915547962150332, 
-0.010275006294250488, 0.00023365020751953125, -0.01123236175978735, 5.055275130613408e-11, -0.0003763022030364596, -1.3434083270895988e-07, 3.4144535060302204, -0.04577037000018213, 1732915548062228166, 
-0.0011986494064331055, 0.007826685905456543, -0.003545141402028271, 6.565346366562158e-10, -0.00030633312429836565, -2.1432048465537703e-06, 3.41444653917154, -0.0457697566985534, 1732915548152482661, 
-0.0123252272605896, 0.008166968822479248, -0.010263144647844377, 4.0194077869034274e-10, -0.00019364182884961295, -2.075691915730149e-06, 3.4144353181104092, -0.04576876889453674, 1732915548252513262, 
0.01313626766204834, 0.022296547889709473, 0.007653942977075542, 5.63387967377642e-10, -0.00018151473421759777, -3.103813967533121e-06, 3.4144341057449066, -0.04576866216774564, 1732915548352221401, 
0.02420729398727417, 0.00023543834686279297, 0.020322526031451495, 4.649653885968979e-11, 0.0002102435493847831, 2.211556026130098e-07, 3.4143950771959197, -0.045765226422885115, 1732915548462679416, 
-0.018337488174438477, 0.003218710422515869, -0.009280746648718391, 5.037708529632666e-10, 0.0003537142776199459, 1.4242310385461779e-06, 3.4143807622717497, -0.04576396625420152, 1732915548552550943, 
0.005272805690765381, -0.0005928874015808105, 0.0018621783029151903, -4.382177547161176e-11, -6.937708926702197e-05, 6.316462096434796e-07, 3.4144228116418143, -0.045767667936278664, 1732915548652473038, 
-0.010282158851623535, 0.02081543207168579, -0.007434527075270456, 1.6418857463447205e-11, -2.6634978954085835e-05, -6.164396634872706e-07, 3.4144185285108226, -0.04576729088527051, 1732915548752664458, 
0.008728623390197754, 0.007409036159515381, 0.0049413682336414775, -3.125516611444828e-12, -0.0001079488900730918, 2.8953670661444988e-08, 3.4144266021011433, -0.045768001616810085, 1732915548862509925, 
-0.0037116408348083496, -0.030404210090637207, -0.0016840215654468482, 1.5389704692098418e-10, 5.2260223748832875e-05, 2.944821814399927e-06, 3.4144105806942084, -0.045766591225421, 1732915548952742770, 
0.017911434173583984, -0.012158989906311035, 0.013316334715480143, 3.231612049447791e-11, 5.972594746036036e-05, 5.410733838241054e-07, 3.4144098171630946, -0.04576652401030548, 1732915549052504735, 
-0.01171863079071045, -0.02301543951034546, -0.005853489637191376, -1.2532508999779972e-10, 0.0002143052735189973, -5.847970418081669e-07, 3.414394430919998, -0.045765169537573806, 1732915549152817503, 
0.015466153621673584, -0.009729743003845215, 0.010467817307667587, -1.362554783048403e-11, 7.860579015516681e-06, -1.7334025653310494e-06, 3.4144150195620386, -0.0457669819836704, 1732915549262804375, 
0.006676614284515381, 0.00877469778060913, 0.007561061471828109, -8.128086975979741e-11, 0.0002298881598778998, -3.5356701190251823e-07, 3.4143929033534293, -0.045765035061922255, 1732915549352502823, 
0.05377089977264404, -0.012984871864318848, 0.04292914888951119, -1.0335933783023494e-09, 0.00043645591293619103, -2.368150705873147e-06, 3.414372322381628, -0.045763223288906044, 1732915549452504390, 
-0.01636183261871338, 0.02453327178955078, -0.0024776128616642787, 6.4391954084646335e-09, 0.0008425786729170217, 7.642248273590916e-06, 3.4143318747904408, -0.04575966261719325, 1732915549562496056, 
0.031851887702941895, -0.015195250511169434, 0.02379812407486457, -2.3361670299057097e-09, 0.0002916545577832426, -8.010048077636925e-06, 3.414386746095629, -0.04576449303746719, 1732915549662387128, 
0.0023401975631713867, 0.010071754455566406, 0.007360748682861625, 1.964902278693864e-10, 0.0005296440380723605, 3.709854425710381e-07, 3.4143630363993953, -0.04576240583526195, 1732915549753626886, 
-0.030365288257598877, -0.03240859508514404, -0.021523221013001647, -1.6783840497737826e-09, 0.00012857285656665157, -1.3053953179485564e-05, 3.4144030045657696, -0.045765924314151475, 1732915549852716235, 
-0.033981502056121826, -0.00299072265625, -0.031050713986585973, 1.7761598231746355e-09, -0.0005294555613929155, -3.354691031107189e-06, 3.4144686088699627, -0.04577169960026633, 1732915549952750965, 
0.005661606788635254, 0.0006115436553955078, -0.0029322088422481865, 7.106624401199702e-10, -0.0006870706971173809, -1.0343367037796386e-06, 3.4144843172204093, -0.045773082445274095, 1732915550062736602, 
0.016699612140655518, 0.01116335391998291, 0.012099817517285855, 8.694462882869926e-10, -0.00014219713318828358, -6.114372834336657e-06, 3.414430060735875, -0.0457683060519557, 1732915550153647943, 
-0.02836209535598755, -0.0036783218383789062, -0.018877515074072468, -7.23795116491798e-11, 7.006724962480958e-05, -1.0330006106526478e-06, 3.414408927768894, -0.04576644563597194, 1732915550252001974, 
-0.006400465965270996, -0.04229921102523804, -0.009318567820278493, 9.288318472733364e-10, -0.0003698839609486584, -2.5111438865613924e-06, 3.4144527517433, -0.04577030364323665, 1732915550352829753, 
-0.015354454517364502, -0.003021240234375, -0.013933105124264024, -8.843845204610513e-11, -0.00033144972075159506, 2.6682313035461964e-07, 3.4144489230482034, -0.04576996658465525, 1732915550462860342, 
-0.03765290975570679, 0.008008122444152832, -0.03208235557389033, 1.0028669032481353e-09, -0.000509204665034747, -1.969477053356732e-06, 3.414466630436984, -0.04577152544286851, 1732915550554860571, 
-0.02193284034729004, 0.009005188941955566, -0.02429660535176333, 3.279577645558147e-09, -0.0008256329608289426, -3.972198060340787e-06, 3.4144981685496436, -0.04577430188602879, 1732915550648888208, 
0.01560896635055542, -0.0239485502243042, 0.006264572562259978, -8.29869698286405e-09, -0.0005841662832656203, 1.4206052661020553e-05, 3.414474154971081, -0.04577218786373332, 1732915550752040747, 
-0.007017612457275391, -0.009210467338562012, -0.0039027985116199104, -3.6246765137090263e-10, -4.924449207563613e-05, 7.360572443597904e-06, 3.4144208690217352, -0.0457674968463508, 1732915550857841414, 
0.018526673316955566, 0.004984438419342041, 0.013268358270265563, -3.5476048052355523e-12, -3.167046021880309e-06, 1.1201620629211133e-06, 3.4144162839598144, -0.045767093203428595, 1732915550953641844, 
0.02098900079727173, -0.018783092498779297, 0.019172440250623413, -1.1527780828219518e-11, 0.00034396560453475505, -3.351434177208473e-08, 3.414381712967202, -0.04576404980933672, 1732915551052807462, 
-0.01263427734375, 0.0383567214012146, -0.0051848632777945075, 3.9152363835332526e-09, 0.0003879339108323037, 1.0092534512214203e-05, 3.414377335064828, -0.04576366440692424, 1732915551148490268, 
0.021031320095062256, 0.0013926029205322266, 0.014883554075837063, 2.1521263325353552e-10, 8.59565104608103e-05, 2.5037386010645033e-06, 3.414407412114516, -0.045766312167118454, 1732915551258881384, 
0.03330177068710327, -0.009804189205169678, 0.02897523707743557, -1.8367744724066035e-10, 0.00045048331023717666, -4.0773418918440136e-07, 3.414371085848349, -0.045763114290664576, 1732915551356954918, 
-0.0068135857582092285, -0.019517242908477783, 0.0015649175838237904, -4.345871003238226e-09, 0.0006241852004542567, -6.962470433575608e-06, 3.4143537825849606, -0.04576159105566002, 1732915551448950562, 
0.012559950351715088, 0.016318142414093018, 0.009977869593102632, 1.5438680516504513e-09, 0.00023151455863130402, 6.668557091086101e-06, 3.414392913674765, -0.04576503583188949, 1732915551566619817, 
-0.030067265033721924, 0.0073089599609375, -0.0206811485444817, 3.241104252755222e-10, 0.00010978439122250007, 2.9522450474644205e-06, 3.4144050454773045, -0.04576610382100617, 1732915551657665520, 
0.01601111888885498, -0.026844263076782227, 0.007414570341841044, 3.916417517697994e-10, -0.0002952612443519963, -1.3264245113825465e-06, 3.4144453800673524, -0.04576965454126543, 1732915551756629341, 
0.009675443172454834, 0.0077095627784729, 0.00914323192624599, -2.0387610820297267e-10, 0.00011438318699934788, -1.7823957659453483e-06, 3.4144045888964962, -0.04576606363571266, 1732915551848684203, 
-0.021535217761993408, -0.021217763423919678, -0.014344931472315326, -2.498779577881332e-10, 0.00010448324446639271, -2.3915600923792816e-06, 3.4144055789662664, -0.04576615079334744, 1732915551947915309, 
0.04459178447723389, -0.005159318447113037, 0.03077557432925919, 4.8173118660808565e-11, -4.949189430203567e-05, -9.733537044838297e-07, 3.4144209503975804, -0.04576750396852921, 1732915552062542739, 
-0.03060978651046753, -0.009016036987304688, -0.01622682194612418, 4.9350093022827495e-11, 0.0004351016843843281, 1.1342197650339649e-07, 3.41437274521672, -0.045763260372481344, 1732915552152557089, 
0.01091921329498291, 0.0127524733543396, 0.004558222166872454, -6.713639016534335e-10, -0.00016234980177038316, 4.135292401545191e-06, 3.4144333703501784, -0.045768597324672505, 1732915552248524935, 
-0.0037039518356323242, -0.029026448726654053, -0.001767532643254242, 1.562648572384349e-10, 3.0439360090318672e-05, 5.1336446224484e-06, 3.414414529460527, -0.045766938725580006, 1732915552348872969, 
0.05494821071624756, -0.0035602450370788574, 0.041647624723645395, 2.932741800132025e-10, 0.000217587739004674, 1.347843317618658e-06, 3.4143959669982444, -0.0457653046400484, 1732915552457771913, 
0.028292715549468994, 0.0039983391761779785, 0.03140530942746707, 4.990648479140341e-10, 0.0009660198841193075, 5.166196432581894e-07, 3.4143214774540835, -0.04575874723689209, 1732915552557570963, 
0.01186138391494751, 0.0023692846298217773, 0.01642666824920539, 1.2729420226389664e-09, 0.0008742968504923741, 1.4559608923697815e-06, 3.4143306310079327, -0.04575955302825461, 1732915552648536426, 
-0.004841625690460205, -0.009922504425048828, 0.00013513122507784886, -3.2868003849447628e-09, 0.0004945585305370661, -6.645927998401848e-06, 3.41436846285343, -0.04576288340351947, 1732915552747099220, 
0.016919732093811035, 0.0015482902526855469, 0.012981065251041065, -1.6964884448667749e-10, 0.000193528231433657, -8.766103179361428e-07, 3.414398472108161, -0.04576552514428173, 1732915552857551975, 
-0.031255125999450684, 0.013280510902404785, -0.02088726681572716, 2.8610035658278043e-10, 0.00015246706090374677, 1.8764732191131895e-06, 3.414402560167554, -0.04576588502080363, 1732915552957515588, 
-0.0021206140518188477, 0.011638224124908447, -0.006513264497027202, -6.644927069842375e-10, -0.000369498288790142, 1.798364775003434e-06, 3.4144545308918, -0.04577046007880744, 1732915553052560658, 
0.0022902488708496094, 0.0044362545013427734, 0.00023014248210459845, 1.664762019892005e-10, -0.00019977858155708803, -8.333035538228048e-07, 3.41443762311107, -0.04576897166544134, 1732915553153867423, 
0.006052911281585693, -0.0009716153144836426, 0.0046881124552558134, 7.225951897248684e-13, -1.54552973839612e-05, -4.675388455965555e-08, 3.41441923906664, -0.04576735329660396, 1732915553262758833, 
-0.020718395709991455, 0.018579304218292236, -0.014761952564116401, 1.572040264634264e-12, -6.811514714843731e-06, -2.3079158314206618e-07, 3.4144183848848906, -0.045767278101944725, 1732915553352581713, 
0.008359968662261963, 0.00039273500442504883, 0.0029438998261273053, 1.3729268144622061e-11, -0.00024449431500771896, -5.6153731607986927e-08, 3.4144420712661496, -0.045769363243409335, 1732915553452652572, 
-0.018976926803588867, -0.006566345691680908, -0.013836171299879189, -1.0422374425238179e-10, -8.57174472922095e-05, 1.2158988344238088e-06, 3.4144262701731116, -0.045767972253435624, 1732915553553437684, 
-0.004860639572143555, -0.01003408432006836, -0.006959093388026048, 1.4152332854065766e-09, -0.000304118585128672, -4.65355737732304e-06, 3.414448018395951, -0.045769886775696766, 1732915553662564648, 
-0.020593881607055664, 0.008265256881713867, -0.017391730633748412, 8.892160565780846e-10, -0.0002949017600976638, -3.015295860843961e-06, 3.414447086455502, -0.04576980473576006, 1732915553752544748, 
0.022889912128448486, 0.0063855648040771484, 0.013451893071661444, 7.393941743943177e-10, -0.00029676359567774326, -2.491525864908406e-06, 3.4144472765267415, -0.045769821467066915, 1732915553852541759, 
-0.019717276096343994, 0.006119430065155029, -0.011942940403257312, -2.1216773042237649e-10, 9.794167482938946e-05, -2.166266104719613e-06, 3.414407962909754, -0.045766360610430726, 1732915553962086300, 
-0.0015794634819030762, -0.0105971097946167, -0.004005070115800348, 3.231189531036673e-10, -0.0002109164776531756, -1.5319758640905902e-06, 3.414438777623737, -0.0457690732972857, 1732915554062662238, 
-0.01533418893814087, 0.0012530088424682617, -0.012674508887763308, 1.0864568637986603e-10, -0.00019350112968482636, -5.614731374272986e-07, 3.4144370459632127, -0.04576892085345413, 1732915554152586100, 
0.0025437474250793457, 0.0029001235961914062, -0.0010188223351543547, 1.539030645132587e-10, -0.0002742164939272503, -5.612465621928972e-07, 3.4144450882671062, -0.04576962883724042, 1732915554252532203, 
-0.045851290225982666, 0.03327059745788574, -0.035335286757210246, 2.225218100810534e-09, -0.0002873636370949629, -7.743561862265764e-06, 3.4144463910171194, -0.045769743518564755, 1732915554348099382, 
0.0318528413772583, -0.02087855339050293, 0.016112494428529585, -1.3137446763410729e-09, -0.0005944473543563946, 2.21002695480655e-06, 3.41447695421426, -0.04577243408592037, 1732915554442697813, 
-0.0028501152992248535, 0.007029831409454346, 0.0015925723952169724, -3.52561039596177e-10, 0.00015361104217679787, -2.295154271464408e-06, 3.4144024677388303, -0.04576587678964343, 1732915554552868075, 
-0.007587790489196777, 0.010999858379364014, -0.0054361576660975925, 1.3392118665126397e-11, 3.240777211041616e-05, 4.1323786835757354e-07, 3.4144145367724783, -0.045766939266094105, 1732915554652552717, 
0.00952768325805664, -0.0270918607711792, 0.0060205623522774365, 1.0608893071794873e-11, -5.315099702969504e-05, -1.995991357578442e-07, 3.4144230586420568, -0.04576768947559355, 1732915554748191976, 
0.03332626819610596, -0.00333249568939209, 0.026919799213449933, 2.2577381130385845e-11, 0.000254227398391833, 8.880782037342807e-08, 3.4143920599563518, -0.04576496055608878, 1732915554863477734, 
-0.03135734796524048, 0.041701436042785645, -0.01770274001143199, 3.447956011912822e-09, 0.00042373467239160143, 8.137063678202704e-06, 3.4143753257949805, -0.045763487389299286, 1732915554952583552, 
0.015252828598022461, 0.014525175094604492, 0.007529911218059418, -1.0578430954149398e-09, -0.0001685225612737438, 6.277160087168425e-06, 3.4144342664363, -0.0457686761209504, 1732915555052540020, 
0.015769660472869873, 0.00013196468353271484, 0.013834633595382236, 2.6910729732523816e-10, 0.00017352197484429648, 1.5508542797920068e-06, 3.4144001908762167, -0.04576567636347689, 1732915555162885504, 
0.014700889587402344, 0.01279670000076294, 0.014490810784745813, 7.599546988810327e-10, 0.00036828115915519015, 2.0635177227754815e-06, 3.41438079264317, -0.04576396869402609, 1732915555263124011, 
-0.03159695863723755, 0.004432022571563721, -0.02079630635960084, 3.822054998335631e-10, 0.00022050239993547322, 1.733339410117123e-06, 3.414395510893896, -0.045765264368185, 1732915555352544914, 
0.013682305812835693, -0.011903762817382812, 0.005604475841337924, 4.5190488117430477e-10, -0.0002818938047243187, -1.6031032736467917e-06, 3.414445554454391, -0.04576966978100567, 1732915555452563762, 
-0.01808619499206543, -0.007971525192260742, -0.012531381857951506, -5.3881272758435354e-11, -4.00755235622968e-05, 1.344493295881156e-06, 3.414421468622162, -0.04576754947096488, 1732915555549009923, 
-0.026804566383361816, 1.6868114471435547e-05, -0.02345139015625759, -4.5730857826601105e-11, -0.00036642721982852356, 1.2480202166204167e-07, 3.414454000087037, -0.04577041326548913, 1732915555642125474, 
-0.021304011344909668, 0.0035493969917297363, -0.02179558635407318, 6.037893243390481e-10, -0.000624761526634798, -9.664316680818775e-07, 3.414479738979394, -0.045772679098236825, 1732915555752606844, 
-0.003103971481323242, 0.019600510597229004, -0.007475152979949919, 5.304900857067258e-09, -0.0005733751817171995, -9.2520587326079e-06, 3.4144746104133556, -0.04577222761875163, 1732915555852552164, 
-0.044343650341033936, 0.011568188667297363, -0.03569121360752285, 3.661632969999938e-09, -0.00047279135373027355, -7.744712209963323e-06, 3.414464601355677, -0.04577134649882143, 1732915555949504186, 
-0.0018041729927062988, 0.004368305206298828, -0.009733573724895007, 2.8931217075988353e-09, -0.000795166060309137, -3.6383868125282858e-06, 3.4144966972343, -0.04577417197338303, 1732915556063317931, 
-0.009037137031555176, -0.004625678062438965, -0.009192606759720312, -9.700327583082979e-10, -0.000410842353935736, 2.3610826610637873e-06, 3.4144583974699496, -0.045770800312444675, 1732915556152581667, 
0.028931856155395508, 0.017345130443572998, 0.019996633405336972, 6.95309966767945e-10, -0.0001418427661431449, -4.901976926100356e-06, 3.4144316030260287, -0.045768441500801976, 1732915556252571346, 
-0.00018531084060668945, 0.010215342044830322, 0.004539532327637727, -6.12865366399154e-10, 0.0003470026303238165, -1.766169224213774e-06, 3.4143826843107306, -0.045764135014815015, 1732915556362510447, 
0.012482523918151855, -0.017268598079681396, 0.010616164673960688, -1.111033823244108e-09, 0.00022213989390545183, -5.001505149349676e-06, 3.4143950186944116, -0.045765220862177984, 1732915556459563712, 
0.01671302318572998, -0.006951689720153809, 0.01527745643047778, -8.602182490213224e-10, 0.00032753096390980704, -2.6263722939434902e-06, 3.414384544094315, -0.04576429874182583, 1732915556552612651, 
-0.05002176761627197, -0.013979494571685791, -0.034715718997268004, -6.098637708771744e-10, 0.00014400134701918915, -4.235125458902172e-06, 3.4144028170317897, -0.04576590739100331, 1732915556652563195, 
0.018220245838165283, 0.0062631964683532715, 0.005820253687192863, 2.149707908017942e-10, -0.0005441148046455269, -3.9508351724015424e-07, 3.414471415750831, -0.04577194647233731, 1732915556762121913, 
0.04310983419418335, -0.002486109733581543, 0.03436434276251814, 1.6428843738106676e-10, 0.0001742227347090216, 9.429793284754333e-07, 3.414399934014896, -0.04576565356400763, 1732915556860771933, 
-0.024098753929138184, 0.0027440786361694336, -0.010403742718675862, 6.553697763058927e-10, 0.0005850348899764583, 1.120223404679787e-06, 3.414359030954668, -0.045762052652809936, 1732915556952582917, 
-0.031674325466156006, 0.011927187442779541, -0.0266838126869312, -1.1516700297550498e-09, -0.0002013858461245491, 5.718723792747519e-06, 3.414437436259963, -0.04576895507400518, 1732915557052580989, 
-0.02717655897140503, 0.0016066431999206543, -0.027048226863499253, -5.830830699535766e-10, -0.0006742592387798357, 8.647757960406225e-07, 3.4144845756760906, -0.045773104991612946, 1732915557150583007, 
0.008510410785675049, -0.012471318244934082, 0.0001860193567321082, -4.198348868368508e-09, -0.0006322540351348682, 6.640287977716021e-06, 3.4144804156694075, -0.04577273877567488, 1732915557260953392, 
-0.007267296314239502, -0.003190755844116211, -0.00551657924133548, -5.237844373878663e-10, -0.00017676755464895479, 2.963125435705988e-06, 3.41443499759135, -0.04576874043125635, 1732915557352049220, 
0.007164597511291504, 0.0061424970626831055, 0.00419378410031049, -1.0442470991477868e-11, -0.00011412050610277893, 9.150389660972231e-08, 3.4144287582878396, -0.04576819116257477, 1732915557452605962, 
-0.00752025842666626, -0.02098369598388672, -0.004774380630940576, 3.0562170579912095e-11, 1.9375191623945847e-05, 1.5773867517336051e-06, 3.41441546267793, -0.045767020705057095, 1732915557562289766, 
-0.016404926776885986, 0.009664833545684814, -0.013675244283607302, -2.3823759861629194e-12, -0.00015873347709846895, 1.5008654946083195e-08, 3.414433195239606, -0.04576858176321959, 1732915557660933069, 
0.002555370330810547, -0.002786099910736084, -0.0012443304377016285, 1.864707592101786e-11, -0.0002850558023700972, -6.541552834910463e-08, 3.4144457747397454, -0.045769689178349705, 1732915557752626352, 
-0.008122384548187256, -0.0031845569610595703, -0.0065074895794864735, -5.7629839017700233e-11, -0.00012640924672996623, 4.5589891964793e-07, 3.414429965817512, -0.04576829746748361, 1732915557853581581, 
0.026123225688934326, 0.007113158702850342, 0.018473965407500438, 2.993132020124865e-11, -3.687045130199701e-05, -8.117969578427015e-07, 3.4144210482564175, -0.04576751242520088, 1732915557951154526, 
-0.016492903232574463, 0.018824338912963867, -0.00830034964051253, -2.381981554163028e-10, 0.000268335517744976, -8.876877627608154e-07, 3.414390643249305, -0.04576483577345364, 1732915558061607881, 
0.0011587142944335938, -0.01034766435623169, -0.0010571721203094927, 2.586560303924107e-10, -8.951760903774017e-05, -2.8894430176677604e-06, 3.414426314829417, -0.04576797606202895, 1732915558152631610, 
-0.0042105913162231445, 0.0003656744956970215, -0.003470169549004119, 4.1924596304505274e-11, -5.96835221580697e-05, -7.02448427783291e-07, 3.4144233462464357, -0.04576771472705793, 1732915558253602241, 
-0.029802680015563965, -0.004781365394592285, -0.023625236923972302, 1.292471294403467e-11, -0.00021239722336701268, -6.085160972985677e-08, 3.4144385656574645, -0.045769054546225756, 1732915558351358727, 
-0.011918902397155762, -0.026276230812072754, -0.014652897477161045, -2.4643860588019176e-09, -0.0005502914161739517, 4.47832909322159e-06, 3.414472221567656, -0.04577201740224776, 1732915558444982855, 
0.033815205097198486, 0.007534503936767578, 0.022457190713030206, 5.445929727793493e-10, -0.000256365689593767, -2.124281816503225e-06, 3.414442931713283, -0.04576943890745629, 1732915558553746942, 
0.008192062377929688, -0.021568477153778076, 0.011528788513364092, 1.2290705965737699e-09, 0.00040107982211830023, 3.0644039634864755e-06, 3.4143775832339753, -0.04576368605908087, 1732915558655636501, 
0.01985788345336914, -0.005413234233856201, 0.01789751657380197, -6.082402630558598e-10, 0.0004026071312922912, -1.5107538237177417e-06, 3.414377511891977, -0.0457636797794597, 1732915558751905142, 
-0.01866978406906128, -0.01790153980255127, -0.010103536010051421, -2.1683432479895662e-09, 0.0003494109011699213, -6.2057115010704366e-06, 3.414382746137316, -0.045764140568117555, 1732915558861959909, 
0.04019039869308472, -0.005366027355194092, 0.02839816194045501, -2.4556995201298e-10, 6.880801508223988e-05, -3.5689149253829348e-06, 3.414410681970858, -0.04576659985975022, 1732915558953643878, 
-0.03250914812088013, 0.0270804762840271, -0.018237802041821405, 3.33833810281955e-10, 0.00041013938840361776, 8.139520848785913e-07, 3.414376663342997, -0.045763605061269474, 1732915559055616649, 
-0.011134624481201172, -0.02181333303451538, -0.012794211843303661, 2.061488053898287e-09, -0.000299359826669944, -6.88632164452433e-06, 3.414447351214703, -0.04576982802121941, 1732915559152755810, 
0.01817309856414795, 0.03700733184814453, 0.010917506965657653, 2.247715251650447e-09, -0.0002320129591962478, -9.68788665700876e-06, 3.414440620629508, -0.04576923549707194, 1732915559262073133, 
-0.004317641258239746, -0.010613739490509033, -0.0007484410992196749, -1.2783064936959362e-10, 0.0001336048902079905, -9.567812163955393e-07, 3.414404206518186, -0.04576602977389631, 1732915559352618875, 
-0.014882445335388184, -0.00683140754699707, -0.011567930161662009, 2.815983719980115e-11, -4.908608688489476e-05, -5.736826662478725e-07, 3.414422413204038, -0.04576763261455272, 1732915559452626554, 
0.03538316488265991, 0.0006736516952514648, 0.024377322642524277, -2.159083741717316e-11, -7.351120709924211e-05, 2.9370810613985627e-07, 3.414424841050482, -0.04576784635482117, 1732915559552920603, 
-0.03451794385910034, -0.01428443193435669, -0.020716047433119403, 2.2189216458106572e-10, 0.0002916111486499979, 7.609179745298031e-07, 3.414388469066111, -0.04576464430679074, 1732915559643750090, 
-0.01289457082748413, 0.022259891033172607, -0.014720955625137571, -2.0799963910285152e-09, -0.00038285384190444964, 5.432873236120295e-06, 3.4144557947670613, -0.04577057139465378, 1732915559752648985, 
-0.0035256147384643555, 0.0004975199699401855, -0.006142965460320577, -4.3326460094518995e-10, -0.00038415573652762335, 1.127835822162805e-06, 3.4144559443269267, -0.04577058456206091, 1732915559852633975, 
0.02029019594192505, -0.010176122188568115, 0.01409539478750613, -3.650268631377896e-10, -0.00011616017195032466, 3.1424442389246084e-06, 3.4144292942059713, -0.04576823840820517, 1732915559952339020, 
-0.015174388885498047, 0.022399544715881348, -0.00831565039457597, -2.450319171288517e-10, 0.0001728530948322674, -1.4175732136391595e-06, 3.4144004922074167, -0.04576570281682374, 1732915560062834554, 
-0.006603240966796875, -0.02298659086227417, -0.007001920558404417, 5.148723564227291e-10, -0.00014639134154429572, -3.51709569016373e-06, 3.4144322777354703, -0.045768501058631374, 1732915560152627178, 
0.037606894969940186, -0.02309328317642212, 0.027148781850883538, 3.2007631919729204e-13, 1.702444651179285e-07, 1.8800982397611274e-06, 3.414417681799626, -0.04576721610231035, 1732915560252608377, 
-0.0023216605186462402, -0.024894118309020996, 0.004577830589269645, 2.206235059037191e-10, 0.0005042622435110721, 4.375174004057174e-07, 3.414367470030131, -0.04576279568818362, 1732915560352550551, 
0.0044138431549072266, 0.030647337436676025, 0.004448004850701741, 2.627937120468303e-09, 0.0002248227001506914, 1.16889314055337e-05, 3.4143954317312217, -0.04576525730068006, 1732915560462420864, 
-0.015332996845245361, -0.014792323112487793, -0.010696829572189544, -1.60155070355913e-11, 6.857822984956334e-05, -2.3353631423155317e-07, 3.414410917508514, -0.045766620592955616, 1732915560552655866, 
0.035587966442108154, 0.012001872062683105, 0.024737482452295602, -1.982599640140044e-11, -2.8653654910971928e-05, 6.919185864072355e-07, 3.4144206054177033, -0.04576747345513995, 1732915560652673924, 
-0.0037680864334106445, 0.021145403385162354, 0.0029062994779749003, -1.8409610620541855e-10, 0.0004459256948134804, -4.128403192429208e-07, 3.414373304415333, -0.045763309352752315, 1732915560753980750, 
0.008106410503387451, -0.0276719331741333, 0.006883584061840112, -1.833566948048063e-09, 0.00019545931443564542, -9.380811312789911e-06, 3.414398242436543, -0.045765504750680294, 1732915560862716461, 
-0.004910528659820557, -0.007135570049285889, -0.0021484481241713918, -4.4050445987430225e-10, 0.0001545922303241924, -2.8494605385440706e-06, 3.41440232700963, -0.04576586433292589, 1732915560953663162, 
0.009804368019104004, -0.02451533079147339, 0.0070014026359354045, -1.530884127484387e-10, 3.9069164499186735e-05, -3.918394844395134e-06, 3.4144138582739862, -0.045766879491325616, 1732915561052672184, 
-0.015805602073669434, 0.013346552848815918, -0.010460070385439307, -4.773665138510732e-12, 7.141390820149674e-05, -6.684503423397128e-08, 3.4144106423697416, -0.04576659637663218, 1732915561153134485, 
0.018009662628173828, -0.013399660587310791, 0.011337152404179755, 5.991009837360095e-11, -0.00010212528830301037, -5.866333341047221e-07, 3.4144280044185153, -0.04576812485802027, 1732915561262628058, 
0.005713939666748047, 0.006359577178955078, 0.007028153190268366, -4.695056670615138e-11, 0.00021599686592496821, -2.1736688865874936e-07, 3.4143963495211525, -0.04576533809576693, 1732915561353640176, 
-0.006956875324249268, -0.007952570915222168, -0.0036811147132243746, -2.620021447848962e-10, 0.00015273772396901344, -1.7153728494608818e-06, 3.4144026416759727, -0.04576589203093523, 1732915561452649434, 
-0.04086482524871826, 0.00851893424987793, -0.03214337482100375, -1.9989471780460706e-10, -0.0002153651234106714, 9.281666160190458e-07, 3.41443926793062, -0.04576911645380427, 1732915561553907832, 
0.020924746990203857, -0.014713823795318604, 0.008494228046188157, -1.6877232371046106e-09, -0.0005677335906145125, 2.972738032424373e-06, 3.414474403959344, -0.04577220968734177, 1732915561662522096, 
-0.03399085998535156, 0.012714087963104248, -0.024028304640216082, 6.460187867812685e-10, -0.00012288388642537273, -5.2571480734668585e-06, 3.4144301782178017, -0.045768316235907054, 1732915561753642505, 
-0.015379726886749268, -0.0018024444580078125, -0.017396775456465913, 5.88394661774806e-10, -0.0005535767625011855, -1.062896244264852e-06, 3.4144731250995295, -0.045772097098844756, 1732915561852673332, 
-0.004299461841583252, -0.004006505012512207, -0.007360897553153027, -6.938324101366025e-10, -0.00047891121027086934, 1.4487704510908715e-06, 3.414465678268575, -0.045771441505785056, 1732915561953675560, 
0.01946544647216797, -0.013774216175079346, 0.01317939388376461, -8.89544561493424e-10, -0.00016504267544437384, 5.389785151618177e-06, 3.4144344683272494, -0.045768693903408736, 1732915562062341961, 
0.008557796478271484, 0.02178257703781128, 0.009636544668713814, -3.7161592972665684e-10, 0.0002496263989856624, -1.4886884209229853e-06, 3.414393146341977, -0.0457650560815544, 1732915562153806749, 
0.011636137962341309, 0.0014461278915405273, 0.011161810090241787, -2.1239036818717393e-11, 0.00029239114103062026, -7.263912560364872e-08, 3.414388877915019, -0.0457646803051664, 1732915562253664036, 
0.021977365016937256, 0.004981935024261475, 0.01943456484733954, 4.1545444931698375e-10, 0.000378322729468705, 1.0981482659009794e-06, 3.414380333270569, -0.0457639280712096, 1732915562353409573, 
0.023269355297088623, -0.001909792423248291, 0.022359713812978504, -1.6548211953035028e-10, 0.0005596492009310521, -2.9568901242965845e-07, 3.4143622612691336, -0.045762337090629115, 1732915562462692184, 
-0.011744439601898193, 0.005514681339263916, -0.0037585775852865128, 1.1522342989476358e-09, 0.0005024063480442297, 2.2934310114373755e-06, 3.414367961355106, -0.04576283889930985, 1732915562553655935, 
0.027714967727661133, -0.0031042098999023438, 0.020333077635067764, -1.1121600931528845e-10, 0.0001694609816847247, -6.562927241989035e-07, 3.4144011323397363, -0.04576575912600354, 1732915562653668661, 
-0.026222705841064453, 0.007711231708526611, -0.015314016522888416, 2.614912576001067e-10, 0.00030889224786722095, 8.465452254163081e-07, 3.4143872312738037, -0.04576453533936023, 1732915562753462544, 
0.004078686237335205, 0.003502368927001953, -0.0004639508449837664, -2.0529447987552413e-10, -0.0001999576596669766, 1.026689751307531e-06, 3.414437929158844, -0.045768998549313815, 1732915562862096823, 
0.03140819072723389, -0.04114633798599243, 0.02393447012769611, 5.50190935595883e-10, 8.413485934943892e-05, 6.539393300828667e-06, 3.414409587781733, -0.04576650350649907, 1732915562953666417, 
0.03895258903503418, 0.012703001499176025, 0.035419517143641846, 1.516620690786729e-09, 0.0006450206159378305, 2.3512747551202404e-06, 3.4143538050420785, -0.04576159266467595, 1732915563052680475, 
-0.01610177755355835, -0.011865854263305664, -0.0040373847024987655, -3.9894062397864716e-09, 0.0007515564691067522, -5.308192270007339e-06, 3.4143432163452316, -0.045760660490452916, 1732915563153528012, 
0.0007548332214355469, -0.0030782222747802734, -0.0003706065133700868, -3.0975699534475733e-10, 0.00010272055406219759, -3.0155308075655294e-06, 3.4144078392136294, -0.04576634953263316, 1732915563242757145, 
0.017882347106933594, -0.01591169834136963, 0.013601283470091052, -1.8903774236021596e-10, 9.653495595092108e-05, -1.9582309899879566e-06, 3.4144084618872577, -0.045766404351119255, 1732915563353767102, 
0.017823636531829834, 0.0037438273429870605, 0.016826923932166088, -6.556621377722626e-11, 0.00035947143513740624, -1.8239617218031217e-07, 3.4143822763861014, -0.045764099106543166, 1732915563452786311, 
-0.030647099018096924, 0.00219041109085083, -0.019522335135437406, 1.4950352307896452e-10, 0.00026695259060749194, 5.600377308148466e-07, 3.414391492789504, -0.04576491047597377, 1732915563562724947, 
0.016026020050048828, 0.004297018051147461, 0.007696530691395604, -2.385020034864829e-10, -0.00023626415517538743, 1.0094718062900156e-06, 3.41444159302782, -0.04576932107099156, 1732915563662778419, 
0.00445634126663208, -0.012995719909667969, 0.005213873037313093, 2.859325532494813e-10, 0.00011051547714357904, 2.587262532269617e-06, 3.4144070300024247, -0.04576627830340139, 1732915563753889495, 
-0.04692697525024414, 0.01253443956375122, -0.03470145815403808, -1.3969684659525586e-10, -8.379912657261476e-05, 1.6670441842159757e-06, 3.414426391693295, -0.04576798281478261, 1732915563852139625, 
0.02942579984664917, -0.03222000598907471, 0.014402160238827164, -1.3441897260880374e-09, -0.000546897738190858, 2.4578447344372412e-06, 3.414472525181881, -0.04577204417579361, 1732915563953101981, 
-0.033766865730285645, -0.019452929496765137, -0.022474001198317696, -4.4235649514849107e-11, -5.0723932987706754e-06, 8.720863487768167e-06, 3.4144185692851425, -0.04576729418544019, 1732915564062074030, 
-0.014156520366668701, 0.010907292366027832, -0.01609716951193172, -9.811164823411902e-10, -0.000490037569995023, 2.002125025538664e-06, 3.414466880013798, -0.0457715471922222, 1732915564154029808, 
0.0021958351135253906, -0.0018910765647888184, -0.0020849830433013437, -4.838703978515806e-10, -0.00041047130551593214, 1.1788166221348682e-06, 3.41445893394689, -0.04577084767641131, 1732915564252683840, 
0.004103243350982666, -0.009827911853790283, 0.0026547009404536467, -3.948987894827104e-10, -0.00011736518873879209, 3.364701183769209e-06, 3.4144297377355706, -0.045768277433959156, 1732915564353534002, 
0.03476142883300781, 0.0006310343742370605, 0.027230953310938527, 1.2966086114014587e-10, 0.00017710646443725906, 7.321068801871936e-07, 3.414400427716025, -0.04576569717365192, 1732915564443624924, 
-0.04108834266662598, -0.0014203190803527832, -0.02507866987871165, -7.863645639977348e-12, 0.0003754583563247275, -2.0944122051118278e-08, 3.4143806573064457, -0.04576395672480143, 1732915564554835278, 
0.03991299867630005, 0.003754854202270508, 0.02468031044691736, -2.2578350196372884e-10, -0.000210153155844164, 1.074375976210204e-06, 3.4144389787140685, -0.04576909093087392, 1732915564653203973, 
-0.018445372581481934, -0.003601670265197754, -0.008341365719317609, 2.800649665661907e-10, 0.0003368880233509785, 8.313295432126772e-07, 3.414384470734164, -0.04576429243273266, 1732915564753567757, 
-0.005966544151306152, 0.03808540105819702, -0.006521291854022288, -1.0588214212197917e-09, -0.00010569739598115068, 1.0017478778839683e-05, 3.414428540684403, -0.045768172034117746, 1732915564863707372, 
0.0027474164962768555, -0.017109155654907227, 0.000577039006378839, -5.086183137870834e-10, -0.00013625305439230807, 3.7328947674276623e-06, 3.414431566154472, -0.04576843837443801, 1732915564954091321, 
-0.01833665370941162, -0.00016134977340698242, -0.013900571626531574, -9.140504379063903e-11, -0.0001024773328595011, 8.919537739722164e-07, 3.41442819403316, -0.04576814152482948, 1732915565053148635, 
0.041066646575927734, -0.011858999729156494, 0.02818211401323054, -1.20096638106824e-10, -0.0001053960208400363, 1.1394798128963467e-06, 3.414428497005402, -0.0457681681929403, 1732915565153668799, 
-0.0365595817565918, -0.004165291786193848, -0.021388036526789406, 2.0832737977390034e-10, 0.00034535808619841, 6.032213754341203e-07, 3.4143837848110197, -0.045764232122156745, 1732915565263720590, 
0.015936613082885742, -0.03943371772766113, 0.00719102631358429, 2.6116054664922258e-09, -0.0002539332111895164, -1.0284615605255045e-05, 3.4144434716039362, -0.04576948642337899, 1732915565355824422, 
-0.011171400547027588, 0.02728360891342163, -0.006867023355320212, -2.0862970307709532e-10, 2.7041826404357327e-05, -7.715074416847755e-06, 3.414415456567637, -0.045767020219101916, 1732915565453845180, 
-0.023511111736297607, 0.01968628168106079, -0.01960472864386059, 3.201093825549902e-10, -0.00022846394615098594, -1.4011374133555329e-06, 3.414440892240712, -0.04576925937562231, 1732915565553916650, 
-0.0015773177146911621, -0.016844451427459717, -0.005795457366497501, -1.131835216790813e-09, -0.0004323805020356663, 2.6176832939091457e-06, 3.4144612150146885, -0.04577104844470583, 1732915565663974827, 
0.03869295120239258, 0.024200081825256348, 0.028263810769715562, 2.8911449756336914e-10, -3.9085827103679826e-05, -7.396913894042933e-06, 3.414422050376196, -0.045767600662025225, 1732915565753720865, 
0.020629942417144775, 0.004406869411468506, 0.02240788913050226, -1.1538024561381833e-09, 0.0006183407319312289, -1.8659654726845777e-06, 3.414356560366193, -0.04576183537801582, 1732915565853693291, 
-0.008642017841339111, -0.02276134490966797, -0.0013727508816328733, -5.956403971618184e-09, 0.000531242942836639, -1.121220347853133e-05, 3.4143652442462717, -0.04576259986074501, 1732915565953516506, 
0.011019527912139893, 0.00626605749130249, 0.008111479299869431, -1.1796562268209378e-11, 0.00014721564670278807, -8.013117173628506e-08, 3.4144034963933927, -0.04576596735216014, 1732915566063318586, 
0.006375432014465332, 0.000897824764251709, 0.006778319271568938, 1.7846413137117868e-11, 0.00021657789678761826, 8.240182124687687e-08, 3.41439658623745, -0.04576535902175997, 1732915566153737719, 
-0.03686803579330444, 0.004169762134552002, -0.02663585561216527, 1.0924623483211396e-11, 1.5372016163109738e-05, 7.106825394464951e-07, 3.4144166273704117, -0.045767123338630776, 1732915566253698823, 
0.007680714130401611, -0.007245123386383057, -0.00035561292726622035, -3.799642301320171e-11, -0.00046709233948880654, 8.134670556743794e-08, 3.4144646711366353, -0.045771352865635856, 1732915566353723592, 
0.006549715995788574, -0.014779627323150635, 0.004932479435455592, -4.861380683449535e-10, -8.693384690213471e-05, 5.592045971372009e-06, 3.414426766924577, -0.04576801597707665, 1732915566458231185, 
-0.007732748985290527, 0.019587576389312744, -0.004764250459061091, 2.2663109075351634e-11, 3.913114789811165e-05, 5.791577884288258e-07, 3.4144141696923085, -0.045766906983656194, 1732915566558695000, 
-0.050230205059051514, -0.0109902024269104, -0.039565418002254764, 1.536747246809953e-11, -0.00030291955303547074, -5.0731200129230537e-08, 3.414448164175732, -0.045769899667392706, 1732915566648692358, 
0.027500450611114502, -0.0020200014114379883, 0.011790781721474963, -2.394986909446505e-10, -0.0006992868083796652, 3.424899312766944e-07, 3.4144876258664345, -0.04577337364601734, 1732915566748711465, 
-0.022131383419036865, -0.005304992198944092, -0.014177924230385375, -1.124406818384895e-10, -3.850294639598962e-05, 2.9203136996861382e-06, 3.4144218231428267, -0.04576758075878683, 1732915566863787192, 
-0.01656705141067505, -0.010333716869354248, -0.016000273748171524, -3.475885259298179e-10, -0.00035137384997822483, 9.892270752401138e-07, 3.4144529785761915, -0.04577032349912003, 1732915566953741868, 
0.003771543502807617, -0.00456547737121582, -0.000856773295151176, -5.382986321991891e-10, -0.0003686925935139334, 1.4600201947882253e-06, 3.4144547040090454, -0.04577047539737686, 1732915567053772549, 
-0.015367686748504639, -0.01843661069869995, -0.011962494503007537, -9.47849979462447e-10, -0.00017090203004642825, 5.546159862495189e-06, 3.4144349755832546, -0.04576873863307962, 1732915567153471687, 
-0.011631309986114502, -0.003449738025665283, -0.011702904491233694, -5.57920113717847e-10, -0.00031852596391599287, 1.751568716278938e-06, 3.4144496839108145, -0.04577003345941507, 1732915567263148961, 
-0.05115753412246704, 0.012914180755615234, -0.04189782726787026, 1.4342483956193218e-09, -0.0005237311053127886, -2.738520551997277e-06, 3.414470131112982, -0.04577183349558504, 1732915567353720269, 
0.02409571409225464, 0.010848164558410645, 0.008639527948870053, 4.041743350123381e-09, -0.000809712914455155, -4.991575752306008e-06, 3.41449861264576, -0.04577434080937027, 1732915567453729228, 
-0.006953716278076172, -0.01343768835067749, -0.0032969543811295614, -4.045371845136154e-10, -5.650240898227491e-05, 7.159644903645096e-06, 3.4144235638341267, -0.045767734021399616, 1732915567554682302, 
0.0032036304473876953, 0.011399328708648682, 0.0016807977040194655, -7.280392246879347e-11, -6.141803430674211e-05, 1.1853834674223933e-06, 3.414424061921704, -0.045767777868443424, 1732915567663603921, 
-0.006290256977081299, -0.007967770099639893, -0.004421320670767956, -6.8296416091712524e-12, -1.046630124503886e-05, 6.525363114699738e-07, 3.414418986288334, -0.045767331046123245, 1732915567753876687, 
0.056742072105407715, -0.00046062469482421875, 0.042399743751591716, 2.600434992089528e-11, 0.00016598323595461953, 1.5666853204383227e-07, 3.414401405094728, -0.04576578332152656, 1732915567853693674, 
-0.01912510395050049, 0.030040979385375977, -0.0047155665125066595, 2.9192117134479777e-09, 0.0007574377128857046, 3.854061744993254e-06, 3.414342498696627, -0.04576059762818838, 1732915567955691361, 
-0.010300159454345703, -0.01229327917098999, -0.008991703968229544, -2.616484724552147e-10, 4.203230135982545e-05, -6.224938059311186e-06, 3.4144137699392973, -0.04576687182820399, 1732915568063786174, 
0.03858298063278198, 0.015954971313476562, 0.027429343438984066, -1.0158497640931258e-11, 1.073903933559463e-05, -9.459410030523715e-07, 3.4144168743052443, -0.04576714511175293, 1732915568153727959, 
-0.024928689002990723, 0.026350736618041992, -0.012661665009613104, -2.1087151602792563e-12, 0.00041173180867828865, -5.121574568281473e-09, 3.4143769311812675, -0.04576362880038854, 1732915568253711273, 
-0.01433861255645752, 0.0010581612586975098, -0.013941529806935686, -1.0204366238540316e-09, -0.00020734413570099844, 4.921463635342728e-06, 3.414438606199479, -0.045769058239456935, 1732915568348463745, 
0.05404484272003174, -0.008146226406097412, 0.03810746546896552, -1.8978049992369093e-10, -7.271693845617715e-05, 2.609852724177354e-06, 3.4144251924364473, -0.045767877386349645, 1732915568463727569, 
-0.02540653944015503, 0.0061376094818115234, -0.010527545309512103, 1.6015235906447595e-10, 0.0005927954244350411, 2.7016463431226357e-07, 3.4143588799258406, -0.04576203972706314, 1732915568553756782, 
-0.011049151420593262, 0.0002905130386352539, -0.010924781581819278, -2.1435314648318846e-11, -0.0001098245744519165, 1.9517776194711027e-07, 3.4144288346982052, -0.04576819800787157, 1732915568653702217, 
-0.028160035610198975, -0.00374680757522583, -0.024112598655315, -1.2913884972470137e-10, -0.0003579435949239954, 3.6077988698784316e-07, 3.414453546808827, -0.04577037347248355, 1732915568749767174, 
0.029552936553955078, -0.010755717754364014, 0.016979352460834294, -1.442108556159006e-09, -0.0004098962501378591, 3.5182282240298278e-06, 3.4144587224181064, -0.04577082909379227, 1732915568863949712, 
-0.011161983013153076, 0.021667122840881348, -0.004567864238694427, -9.169050441292917e-10, 0.00017645598870099418, -5.196225137379685e-06, 3.4144003161536465, -0.04576568746310408, 1732915568953757862, 
0.006458759307861328, 0.01275026798248291, 0.0038739871291796468, -8.39107752160384e-12, -1.6641252527049637e-05, 5.042335309775815e-07, 3.414419539299053, -0.045767379715383055, 1732915569053719766, 
0.007819414138793945, -0.019411861896514893, 0.006892469306626774, 6.438939522039049e-11, 0.00010420071345553129, 6.179362221725029e-07, 3.4144075089744406, -0.045766320658100566, 1732915569149043709, 
0.010470211505889893, -0.0031296610832214355, 0.009627607806080386, -4.67621127639187e-12, 0.00020180468144761641, -2.317196629358522e-08, 3.4143977836366473, -0.045765464514118524, 1732915569263687332, 
-0.004490256309509277, -0.020885109901428223, -0.0011844386183313387, -5.419393373615747e-10, 0.00020973754883891853, -2.5838927762896285e-06, 3.414396989097008, -0.045765394569233946, 1732915569353763613, 
-0.0041945576667785645, -0.012927889823913574, -0.003489014819335732, -2.137472374453966e-11, 7.971013151212658e-06, -2.6815567029001637e-06, 3.4144171132779597, -0.04576716614858832, 1732915569453710773, 
0.013864338397979736, 0.01780116558074951, 0.009796060585695675, 1.0684956168644737e-12, -2.7127269971235633e-06, -3.938824725073521e-07, 3.41441817342385, -0.04576725947642597, 1732915569549953702, 
-0.02391868829727173, -0.0159643292427063, -0.016016078635519865, -1.0949012443104881e-11, 7.868723209006117e-05, -1.3914598534325403e-07, 3.4144100795969288, -0.045766546953218974, 1732915569664340617, 
-0.002412140369415283, -1.245737075805664e-05, -0.005595843802447705, 9.868054851143222e-12, -0.0002957056867428211, -3.3371204185618496e-08, 3.4144473435721476, -0.04576982740732025, 1732915569753768839, 
0.0013421177864074707, 0.010444879531860352, -0.0002812065291636348, 4.596745594694328e-10, -0.00016932418929322876, -2.7147601378642188e-06, 3.414434752958691, -0.04576871901879748, 1732915569853760329, 
-0.038380980491638184, -0.004337131977081299, -0.029444758202301812, -3.732608146346688e-11, -0.0002155333590868314, 1.731800665178211e-07, 3.4144393533526554, -0.04576912400468429, 1732915569950849910, 
-0.04787242412567139, 0.004623889923095703, -0.043536630919978614, 9.719982925871565e-10, -0.0008215646446069562, -1.1831062825885954e-06, 3.4144997322411936, -0.04577443934357452, 1732915570043400098, 
0.020499706268310547, -0.007967710494995117, 0.0055045817770985675, -4.385394166495778e-09, -0.0009263589030190393, 4.7340120035588905e-06, 3.414510176478505, -0.04577535878595742, 1732915570153775334, 
-0.014690220355987549, 0.013350844383239746, -0.009952366848301671, 1.5457723539801791e-09, -0.00017765743119099357, -8.700859534090477e-06, 3.4144355945440275, -0.04576879309574359, 1732915570253722998, 
0.01056218147277832, -0.0065271854400634766, 0.005756228822466075, 2.2900524256372354e-10, -0.00018344252488192354, -1.248375984309676e-06, 3.414436174928607, -0.04576884419129694, 1732915570363962186, 
-0.0014441609382629395, -0.0015106201171875, 0.00024277119560672626, -1.1565080044861107e-11, 5.9630952211281256e-05, -1.9394424566430406e-07, 3.4144119955724026, -0.04576671559391896, 1732915570443701680, 
0.041743695735931396, -0.008654415607452393, 0.03201031051471367, -9.00641840348447e-11, 0.0002044343645870177, -4.405530558269169e-07, 3.4143975658923247, -0.04576544529734921, 1732915570553746302, 
-0.02332437038421631, 0.002324223518371582, -0.01036211421152878, 3.3176566237379183e-10, 0.0005502467906252665, 6.029397499925329e-07, 3.4143631471905094, -0.045762415287706325, 1732915570653745139, 
-0.009128451347351074, 0.034726619720458984, -0.009415614269058587, -1.5861098632910067e-09, -0.00010831505604179495, 1.4643484675657492e-05, 3.414428771679821, -0.045768192456409756, 1732915570750862142, 
0.025245368480682373, -0.010830163955688477, 0.017121169031185192, -4.078389015438908e-10, -9.17417341742998e-05, 4.445511142933478e-06, 3.414427105543424, -0.04576804578045425, 1732915570843708031, 
-0.02317798137664795, 0.007057011127471924, -0.013734028537471282, 8.285575874383431e-11, 0.0002001311532719252, 4.1400730165810467e-07, 3.414398039643307, -0.04576548704577168, 1732915570953789034, 
-0.01026386022567749, -0.012072622776031494, -0.011072483409227283, 4.839849416924008e-10, -0.00025927900099976555, -1.8666569210239992e-06, 3.414443816847274, -0.04576951690131107, 1732915571053769530, 
-0.0030672550201416016, 0.011674582958221436, -0.004938611676485412, 8.798493769881229e-10, -0.000284153292154764, -3.0963898757467615e-06, 3.4144462954079784, -0.04576973509395406, 1732915571150867566, 
0.04369044303894043, 0.00830686092376709, 0.03228917868676253, -8.902583267926896e-11, 3.399790028981841e-05, -2.6185685563037592e-06, 3.4144145985183463, -0.04576694475100473, 1732915571260277672, 
-0.020832419395446777, -0.00028121471405029297, -0.008388930384421123, -4.065038011160184e-10, 0.0005368862600315322, -7.571506879169226e-07, 3.4143637458307485, -0.045762468069201305, 1732915571353786750, 
0.012965202331542969, -0.036186814308166504, 0.00795843713017192, -3.8521593259820274e-10, 2.618996382523905e-05, -1.4708532442758601e-05, 3.4144136498169364, -0.045766861253645506, 1732915571453744289, 
-0.011973917484283447, 0.0036464929580688477, -0.007302941338155294, -3.7421024198905595e-10, 0.00010386082591915251, -3.60299697867172e-06, 3.414405923226127, -0.04576618105665166, 1732915571551893898, 
-0.049357473850250244, 0.0081251859664917, -0.03949186030815571, 1.0391884684467335e-11, -0.00033344725803226093, -3.11650026627657e-08, 3.4144494468695936, -0.04577001261161591, 1732915571661534595, 
0.012552022933959961, -0.03620874881744385, 0.00036548301210805045, -6.705611463107821e-09, -0.000771336160708598, 8.693500713032336e-06, 3.4144930780779545, -0.04577385366021789, 1732915571753799023, 
0.01471257209777832, 0.02052408456802368, 0.01135108880020486, 1.102239701504825e-09, -0.00010810939058586476, -1.0195596289384155e-05, 3.4144270678502466, -0.045768042489105244, 1732915571853779943, 
0.012574076652526855, 0.004120826721191406, 0.012282693408716237, -7.829243735039386e-10, 0.00024570832569474925, -3.1863974136415253e-06, 3.4143918249631446, -0.045764939918354744, 1732915571951975319, 
-0.056724369525909424, -0.014753162860870361, -0.040547049395362425, -1.3055050812598717e-10, 3.8346231362881844e-05, -3.4045199094155746e-06, 3.4144125011838247, -0.04576676014034304, 1732915572061911435, 
0.007595479488372803, 0.005773961544036865, -0.003677307224388242, 3.5748494942478834e-10, -0.0007256085896346978, -4.926691256573485e-07, 3.41448857679815, -0.045773457458146725, 1732915572153797741, 
0.011389017105102539, -0.002372264862060547, 0.00786044641902716, -2.2713036499509463e-10, -0.00018891421799054758, 1.2022936516427748e-06, 3.4144351389155916, -0.04576875303617193, 1732915572253755214, 
0.011339724063873291, -0.004752397537231445, 0.010521094216929794, 1.324070480078218e-10, 0.00015518452891129952, 8.532232493582084e-07, 3.4144008652308075, -0.045765735741139735, 1732915572351075635, 
-0.03491252660751343, 0.015073657035827637, -0.024262581556191355, 1.740739908504462e-10, 8.072774763016183e-05, 2.1563092735837455e-06, 3.4144082883168148, -0.045766389234144646, 1732915572462739441, 
-0.009193718433380127, 0.011168718338012695, -0.012717339377313463, -5.755818080517456e-10, -0.000481349048515937, 1.1957680394847373e-06, 3.4144642365468307, -0.04577131464354461, 1732915572553805819, 
-0.04105454683303833, -0.010384917259216309, -0.034400923477862944, -2.147503455372272e-09, -0.0005375007043314142, 3.995350030366018e-06, 3.4144697883242605, -0.045771803398237575, 1732915572654769072, 
-0.011526763439178467, -0.023058772087097168, -0.016873737510797224, -8.621527923138617e-09, -0.0008269942625035941, 1.0425136320823203e-05, 3.4144986181268684, -0.04577434142858029, 1732915572764586690, 
0.04452168941497803, -0.01762533187866211, 0.030134140766275658, -4.2502668292916085e-09, -0.00031630516945813916, 1.343723479629726e-05, 3.414447525700398, -0.045769843554901546, 1732915572862925983, 
-0.009696781635284424, -0.026042819023132324, -0.00036743613034836975, 4.603496595028042e-09, 0.0004541701010589254, 1.0136062643257907e-05, 3.414370685667412, -0.04576307909065409, 1732915572954804321, 
0.02008998394012451, -0.028655409812927246, 0.015290368915221546, -1.3643345463762793e-09, 0.00018814205917506136, -7.251619081657871e-06, 3.414397049932721, -0.04576539997502941, 1732915573055773293, 
-0.01311105489730835, -0.01933950185775757, -0.006457833507101492, -1.2671595076763629e-09, 0.00027548626728061076, -4.599719326065833e-06, 3.4143883800691945, -0.04576463675424485, 1732915573152774380, 
0.03178149461746216, 0.017130374908447266, 0.02281506794508814, 2.246885066589567e-10, 8.319015460044922e-05, 2.7009026216876797e-06, 3.4144075395931597, -0.04576632340262297, 1732915573262866316, 
-0.024081110954284668, -0.020631015300750732, -0.013093324762668376, -1.884832707969745e-10, 0.0003456336132259775, -5.45326795729624e-07, 3.4143813446822757, -0.04576401741072924, 1732915573354853581, 
-0.03671133518218994, -0.009677231311798096, -0.031168038522649388, 1.073458028881737e-09, -0.00033057438561051393, -3.2472510745176007e-06, 3.4144487306710247, -0.04576994953115604, 1732915573455822647, 
0.0006898045539855957, -0.0027054548263549805, -0.006766334568220275, -2.4971522875451385e-11, -0.0006651490972817043, 3.7542744893594036e-08, 3.4144820634577324, -0.04577288388461368, 1732915573553772496, 
0.005771338939666748, 0.025404393672943115, 0.002836892225660805, 3.4635806921999445e-09, -0.00025809347502174116, -1.3419869262127532e-05, 3.4144416048798285, -0.04576932221485099, 1732915573663319320, 
0.011253058910369873, 0.010444402694702148, 0.009279143448664696, -2.4423755075813975e-10, 4.332337973313825e-05, -5.637546107034704e-06, 3.414411555033935, -0.0457666768488241, 1732915573753812417, 
0.021537184715270996, 0.010078072547912598, 0.01865805866823434, -2.1382168216762023e-10, 0.0002815829108329844, -7.593560331310182e-07, 3.414387824182746, -0.04576458774120763, 1732915573853814294, 
0.03907740116119385, 0.03864401578903198, 0.03427900216975968, 5.110371051897123e-09, 0.0005936158286955157, 8.608886092419873e-06, 3.4143567343458745, -0.04576185078109985, 1732915573953790880, 
-0.03846508264541626, -0.006511211395263672, -0.0214226475547045, -5.121452669735735e-10, 0.0006176020401681137, -8.292480167879068e-07, 3.414354332432556, -0.045761639333322564, 1732915574044978315, 
0.008729815483093262, -0.008488833904266357, 0.001665096201068042, 8.433088775518424e-10, -0.00022306998115900517, -3.7804677849088465e-06, 3.4144381286626326, -0.045769016207658136, 1732915574153820383, 
0.030597686767578125, -0.008494913578033447, 0.02381253074487839, 1.5896349536364997e-10, 0.00011522980932687394, 1.3795344823726653e-06, 3.414404452758009, -0.0457660515956517, 1732915574253801988, 
0.04255568981170654, 0.009639143943786621, 0.03814886188303879, 1.0146758480471395e-09, 0.0006675103216510175, 1.5200901246552175e-06, 3.41434944930214, -0.04576120943377494, 1732915574353190079, 
-0.014819204807281494, -0.010100305080413818, -0.0024168354942523465, -3.6475514247045753e-09, 0.0008146067672961921, -4.477683676519619e-06, 3.414334794948155, -0.04575991935822987, 1732915574463507949, 
-0.0037665367126464844, -0.0259934663772583, -0.0034525414629932726, -2.177790325954316e-09, 0.00012830069392995986, -1.6974111824704434e-05, 3.414403022821154, -0.04576592572162169, 1732915574553798534, 
0.01805824041366577, -0.0017341375350952148, 0.013014391141051507, -1.9128173802560583e-10, 4.483851672776372e-05, -4.266013953739139e-06, 3.4144113583917752, -0.04576665953947831, 1732915574653824122, 
0.0011033415794372559, 0.009884893894195557, 0.003890798490175703, -2.6271143911667447e-10, 0.0002620349373882794, -1.002581723395887e-06, 3.4143897186379575, -0.045764754471279645, 1732915574753869345, 
0.01303476095199585, -0.022708535194396973, 0.010887381701239545, -8.93175220463714e-10, 0.00019302298178158663, -4.627299880147837e-06, 3.4143965949993964, -0.04576535984501601, 1732915574863288121, 
0.019333064556121826, -0.008616149425506592, 0.017346619057549736, -7.975276531315522e-10, 0.0003382184761088439, -2.3580250916715012e-06, 3.414382122125855, -0.04576408570789009, 1732915574953912772, 
-0.03284478187561035, 0.029671967029571533, -0.021082834509628383, 1.92439580397363e-09, 0.0002613647946156921, 7.362873055658626e-06, 3.4143897385932496, -0.045764756234402126, 1732915575053809111, 
-0.018493473529815674, -0.010004580020904541, -0.019092512793031462, -2.793116130364843e-11, -0.0004214956863179413, 6.626677854676663e-08, 3.414457820445226, -0.04577074994207965, 1732915575153889674, 
0.028536319732666016, -0.012160539627075195, 0.017376542871041106, -1.3160191441113388e-09, -0.00033405543715144415, 3.939523198105352e-06, 3.4144491028672466, -0.045769982481807345, 1732915575263476797, 
0.020196855068206787, 0.016696572303771973, 0.019529183450066698, -1.1414665239165102e-09, 0.00034109956102439435, -3.346432110579222e-06, 3.4143818416448277, -0.04576406106023127, 1732915575353806664, 
-0.02114558219909668, -0.020001888275146484, -0.011616529535572389, -2.1393282937204573e-09, 0.000356098365537052, -6.007689168957616e-06, 3.414380353031131, -0.04576393000859265, 1732915575453837689, 
-0.00711512565612793, -0.03272819519042969, -0.008167251209799479, 1.6963860220417291e-09, -0.00016788653061328965, -1.010436046206226e-05, 3.4144324752743, -0.045768518661691925, 1732915575554237313, 
-0.012211918830871582, 0.015820562839508057, -0.011258968044707253, 1.0133235420654458e-09, -0.0002485647742247691, -4.0766980970084285e-06, 3.4144404873632053, -0.04576922401800878, 1732915575663365214, 
0.0003440976142883301, 0.015577137470245361, -0.002371005296106756, 9.45624984865807e-10, -0.00027007746155489855, -3.5013102515908756e-06, 3.414442624433625, -0.04576941215643928, 1732915575753866068, 
-0.008776962757110596, 0.001129150390625, -0.00727235248029679, 1.3805540151445217e-10, -0.00014717196392056395, -9.380550332872337e-07, 3.414430377695626, -0.04576833397194605, 1732915575853910683, 
0.014434814453125, 0.008379995822906494, 0.009347829869756345, 1.259302141129603e-10, -0.00010817962323021789, -1.1640844213791285e-06, 3.414426493129644, -0.04576799198052788, 1732915575953909363, 
0.0018116235733032227, 0.0029758214950561523, 0.0035753691325740005, -8.320962753169839e-11, 0.00016021700038582054, -5.193557945244279e-07, 3.414399723629045, -0.04576563522896249, 1732915576063739176, 
-0.029176533222198486, 0.0017485618591308594, -0.02149770044339687, -1.6432664816971855e-11, -2.4308645879548424e-05, 6.760008310786714e-07, 3.4144180890410047, -0.045767252096846164, 1732915576153978811, 
0.03026425838470459, 0.009039461612701416, 0.01813445408846376, -9.458320103666528e-11, -0.000278787026989129, 3.3926686638956645e-07, 3.4144434352831836, -0.045769483550227294, 1732915576253848140, 
0.03795593976974487, -0.028904497623443604, 0.03330047186891074, 2.950767690164696e-09, 0.00044773142563698555, 6.590485994961492e-06, 3.4143710052506413, -0.04576310690083008, 1732915576353921879, 
-0.01587158441543579, 0.03326582908630371, -0.004356329532477318, 8.846538095494635e-09, 0.0006664586899056339, 1.3273948152356219e-05, 3.414349215797266, -0.04576118858506706, 1732915576463123876, 
-0.005892336368560791, 0.007269382476806641, -0.005533132926027977, 3.2424885587218695e-10, 4.7537892239459917e-05, 6.820850496249743e-06, 3.414410722204098, -0.0457666034678129, 1732915576552996704, 
-0.010022282600402832, -0.003978550434112549, -0.00896721547088785, -2.0129723881614353e-10, -0.00013841927817770643, 1.4542572499020884e-06, 3.4144292465489174, -0.04576823429269276, 1732915576653831703, 
0.018153011798858643, 0.008792400360107422, 0.011797242995945229, 7.189418819229285e-11, -0.00012169137241369119, -5.90791169220179e-07, 3.414427583058675, -0.045768087844507616, 1732915576753919836, 
-0.018138349056243896, -1.9311904907226562e-05, -0.011122410669339364, -1.5664986098637252e-11, 0.00011459110848684498, -1.3670332982628917e-07, 3.414404045539939, -0.0457660156984791, 1732915576863789728, 
0.018215060234069824, 0.015992939472198486, 0.011339126665340867, -1.4132581272195947e-10, -0.00010308510456512115, 1.3709625005296552e-06, 3.4144257243807856, -0.04576792421562662, 1732915576953849096, 
0.02235811948776245, 0.0018558502197265625, 0.019769302544791235, 5.08130108234739e-11, 0.00029045652485545795, 1.7494188105693395e-07, 3.4143864986105896, -0.045764470938014765, 1732915577053018419, 
0.004762113094329834, 0.0018631219863891602, 0.008271434194512503, 5.030067162718643e-11, 0.00046798653971493777, 1.0748315893407067e-07, 3.414368723634751, -0.04576290610227924, 1732915577153158552, 
0.01243811845779419, -0.00010651350021362305, 0.011455274359171526, -5.668315946452378e-11, 0.0003193370101875736, -1.7750263093911028e-07, 3.4143832234046156, -0.04576418260109318, 1732915577263235419, 
0.006255090236663818, -0.017450153827667236, 0.007468151064923081, -1.3310460674450715e-09, 0.00031984055909023185, -4.161592486053538e-06, 3.414383223653381, -0.04576418262419079, 1732915577352989318, 
-0.003683149814605713, 0.002747774124145508, -0.001072630314457589, -3.786955375987703e-11, 0.00020001770439223847, -1.8933100884716749e-07, 3.4143951558942254, -0.04576523308966232, 1732915577453309209, 
0.002138376235961914, -0.007589101791381836, 0.001384903252775434, -3.930936658139065e-11, 3.5975536973530094e-05, -1.0926693494613715e-06, 3.4144114995296357, -0.04576667192261738, 1732915577553375153, 
-0.006753027439117432, -0.023528635501861572, -0.004845255651588953, -3.7057101341153175e-12, 4.687672026023308e-06, -7.905224839842266e-07, 3.4144146183489155, -0.0457669464917309, 1732915577643487017, 
0.008874237537384033, 0.0021399855613708496, 0.005658809291358195, 1.632862503144218e-11, -5.137568532892489e-05, -3.178278776604279e-07, 3.414420207473273, -0.04576743853819227, 1732915577754194615, 
-0.03274035453796387, -0.024217963218688965, -0.023737082793161248, -3.84108025514147e-11, -5.021730726648935e-05, 7.648917204496689e-07, 3.4144200961882536, -0.0457674287404288, 1732915577853839093, 
-0.0176430344581604, 0.0051964521408081055, -0.019061487308745056, 7.196881489119633e-11, -0.0005397006750303877, -1.333494994927404e-07, 3.4144688218193817, -0.04577171837228674, 1732915577954381409, 
-0.010874569416046143, 0.011114299297332764, -0.012783694934857884, 2.4828295109662155e-09, -0.0005370116203236995, -4.623418594684445e-06, 3.4144685165128523, -0.04577169149292823, 1732915578063788402, 
-0.0105515718460083, 0.005803942680358887, -0.011066987689315723, 1.3811382873946715e-09, -0.0004150589119570494, -3.3275716955032943e-06, 3.414456373565752, -0.045770622468870946, 1732915578154003417, 
-0.0287015438079834, -0.009411454200744629, -0.02455907044470687, -1.009118468161966e-09, -0.00043374942987250693, 2.326500967294824e-06, 3.4144582688961744, -0.045770789324844074, 1732915578253115462, 
0.008722066879272461, -0.0084913969039917, 0.0009296868402429888, -1.8396349121003095e-09, -0.0005292159846193635, 3.476151449626866e-06, 3.4144677620714936, -0.04577162507544551, 1732915578354414540, 
-0.018277525901794434, 0.002003788948059082, -0.013771019350625335, -5.812355265397003e-13, -0.00018742954395130427, 3.1010880904171117e-09, 3.4144337334044, -0.04576862929724998, 1732915578463587163, 
-0.012928426265716553, 0.0038945674896240234, -0.013119107584656212, 2.5248180037950136e-10, -0.0003617809226841152, -6.978858876977128e-07, 3.414451083909507, -0.04577015677962529, 1732915578555178258, 
0.014311730861663818, -0.02122211456298828, 0.007885957678814079, -1.5112042611991977e-09, -0.0002698539159685066, 5.600082755054641e-06, 3.414441917997149, -0.04576934984528288, 1732915578653363845, 
-0.007472217082977295, 0.008142411708831787, -0.00387264923051321, -2.5611723484514073e-11, 5.321817461664233e-05, -4.812589621686273e-07, 3.414409731248372, -0.04576651623392667, 1732915578754294470, 
-0.02549445629119873, -0.03253859281539917, -0.02042212206020782, 2.7142718709667996e-10, -0.0001742104511761774, -1.5580419272445843e-06, 3.4144323855134497, -0.045768510631007245, 1732915578843083325, 
-0.01081150770187378, -0.012065887451171875, -0.013055499365475443, -6.596980279190116e-10, -0.00047824041833261356, 1.3794275904555504e-06, 3.4144627762155184, -0.045771186114545635, 1732915578955981133, 
0.021186411380767822, -0.015491664409637451, 0.013163728962193318, -1.6169847866855081e-09, -0.0002646751805809966, 6.109317780140984e-06, 3.414441603362966, -0.045769322136330316, 1732915579053010186, 
-0.022908031940460205, 0.009190261363983154, -0.014452977694939553, -2.71399604133663e-11, 8.57523313637287e-05, -3.164923913059452e-07, 3.414406740261967, -0.04576625292625605, 1732915579154251142, 
-0.03295600414276123, -0.011751949787139893, -0.028610556923678518, 3.383093667484669e-10, -0.00040003473381648366, -8.45699980901325e-07, 3.414455087235734, -0.04577050918683262, 1732915579263207190, 
0.0296822190284729, -0.01026076078414917, 0.016025623557356886, -1.4153430032783634e-09, -0.0005045898271015927, 2.8049376488785263e-06, 3.4144655030950144, -0.04577142615445855, 1732915579355862934, 
-0.004435896873474121, 0.008177518844604492, 0.00035796999790161516, -4.349827738304621e-10, 0.00016567811420666306, -2.625469126766343e-06, 3.4143988178823936, -0.04576555547772314, 1732915579449845037, 
-0.013282179832458496, -0.002727508544921875, -0.010084120325166656, 1.4502579079287581e-11, -1.3492461089907126e-05, -1.0748653624160577e-06, 3.414416679047158, -0.0457671278947025, 1732915579554145618, 
0.0046860575675964355, -0.03199005126953125, 0.001226622010533654, -1.360405400061172e-11, -0.00017341109905304186, 7.844973058183894e-08, 3.4144326079956953, -0.04576853021076238, 1732915579663520040, 
0.03527730703353882, 0.0006319880485534668, 0.027291799816217478, 1.121768140498453e-11, 0.0001394699501547829, 8.043081246200501e-08, 3.4144014359059236, -0.04576578595180672, 1732915579753934289, 
-0.011356770992279053, 0.04370766878128052, -0.0023054685735457124, 2.398026914199702e-09, 0.0004996167912640092, 4.799732427192442e-06, 3.414365558485503, -0.04576262745433685, 1732915579853858520, 
-0.007841169834136963, 0.00018203258514404297, -0.006544105553875391, 5.00872914775492e-11, 3.832733128211662e-05, 1.3068296122386098e-06, 3.414411536545322, -0.04576667516346078, 1732915579954892095, 
0.017483174800872803, -0.016326069831848145, 0.011850915786714045, 6.450280216448426e-12, -3.735548841656152e-05, -1.726728919863005e-07, 3.4144190607863685, -0.04576733756142032, 1732915580064246069, 
0.03626161813735962, 0.0014969706535339355, 0.030531593157164347, -8.662018178669454e-11, 0.00037732826459861745, -2.2956186936813937e-07, 3.4143777410603735, -0.04576369996972303, 1732915580153886769, 
-0.013799905776977539, 0.016427814960479736, -0.003418307031575682, 2.7666720998298586e-09, 0.0006057093567380608, 4.56765620186103e-06, 3.4143549893575464, -0.045761697017892664, 1732915580249885136, 
-0.003937125205993652, -0.008446931838989258, -0.003816622152814632, -1.489396330620485e-10, 5.941247982023574e-05, -2.5068745407142564e-06, 3.414409410133877, -0.04576648795816429, 1732915580350407817, 
0.02513718605041504, 0.004812657833099365, 0.018348228865581757, -1.4748466727907437e-11, 5.3271071942329236e-05, -2.768569542560358e-07, 3.414410025886429, -0.04576654216421444, 1732915580459090987, 
-0.02386528253555298, 0.0021560192108154297, -0.013973547003989378, -1.1733303349742983e-10, 0.00025405886076920736, -4.6183405350312787e-07, 3.414390037926117, -0.045764782524385116, 1732915580557897664, 
-0.016992270946502686, -0.004639744758605957, -0.016279223169624202, 6.046450089213563e-10, -0.00028103088604895386, -2.151525113207773e-06, 3.4144433453783964, -0.045769475448339224, 1732915580648858204, 
0.013296127319335938, -1.806020736694336e-05, 0.006368452780041278, 1.5778974232384235e-10, -0.0003152589610512233, -5.005083496998667e-07, 3.4144467554995193, -0.04576977565867394, 1732915580763177544, 
0.015105485916137695, 0.012193441390991211, 0.013055006277955722, -3.4904107419809673e-10, 0.00011405689050640624, -3.0602366297062266e-06, 3.4144039941812543, -0.045766011152757545, 1732915580863465749, 
-0.012366652488708496, -0.011615455150604248, -0.006410953962427187, -4.1136130269048545e-10, 0.00021938759691532178, -1.8750435688908194e-06, 3.4143935012296867, -0.04576508740141238, 1732915580953900419, 
0.011271774768829346, -0.006325781345367432, 0.0071266079162360715, 3.2344489893496214e-11, -2.0040941898937675e-05, -1.6139206458759667e-06, 3.414417331542319, -0.04576718532044546, 1732915581054875708, 
0.014854013919830322, -0.0086592435836792, 0.013038666054285736, -7.002434548885048e-11, 0.00019648693859081125, -3.5638168109829354e-07, 3.4143957625561288, -0.04576528647688336, 1732915581154432541, 
-0.03314328193664551, 0.001846611499786377, -0.022319134031152026, 2.833553151360442e-11, 0.0001458901962665632, 1.9422505582096256e-07, 3.414400801572224, -0.04576573009107159, 1732915581263689881, 
0.0015575885772705078, 0.017806649208068848, -0.004032825429595609, -8.331299065212093e-10, -0.00038211878558427393, 2.1802903650688686e-06, 3.414453402028804, -0.04577036082623903, 1732915581353917335, 
-0.017813026905059814, 0.01502978801727295, -0.01457773053106169, 9.245968275610528e-10, -0.00024515245366682416, -3.7715177381729633e-06, 3.4144397428932103, -0.04576915833017894, 1732915581453852727, 
0.042861998081207275, -0.005987644195556641, 0.029398516935471332, -5.003888397016144e-11, -0.00014316239293926778, 3.495253393214019e-07, 3.414429592441557, -0.04576826472661352, 1732915581554878528, 
-0.01511836051940918, 0.013076961040496826, -0.004690492150920725, -6.178175514989319e-10, 0.00045720434849687297, -1.3512941281728807e-06, 3.414369738767271, -0.045762995439520046, 1732915581663771760, 
0.027896583080291748, -0.01606762409210205, 0.020254152527617947, -8.649272986916342e-10, 0.0001420922092918976, -6.087084598106492e-06, 3.4144011776193457, -0.04576576319829649, 1732915581754876037, 
0.04932248592376709, -0.001284182071685791, 0.042495659209175154, -1.0674711994767487e-09, 0.0006350648070678202, -1.6808854586123377e-06, 3.4143521238557857, -0.045761444682717, 1732915581853872992, 
-0.0449223518371582, -0.0026299357414245605, -0.024442386031554644, -1.3456702635517757e-09, 0.0007553088369524653, -1.7816159400190682e-06, 3.4143401628724535, -0.04576039167824862, 1732915581955375701, 
-0.018783748149871826, -0.007156014442443848, -0.020103347549996653, 1.7264822234343066e-09, -0.00036966758967768966, -4.670364055825433e-06, 3.414452148646892, -0.04577025058294477, 1732915582043949929, 
0.015338778495788574, -0.013399004936218262, 0.007037304303821969, -1.1362082503786235e-09, -0.00039966497223886547, 2.8429017534705355e-06, 3.414455137710766, -0.04577051373164289, 1732915582154011420, 
-0.02007085084915161, 0.02177637815475464, -0.013714665520591949, 2.9014697165321555e-10, -4.932510884386054e-05, -5.8823381935492665e-06, 3.414420298833647, -0.04576744659525037, 1732915582253877282, 
-0.03909879922866821, -0.012281477451324463, -0.03313926454434951, 3.5898556001441496e-10, -0.0004455561491141641, -8.057021785652266e-07, 3.414459784465139, -0.04577092281545912, 1732915582355087387, 
0.022666513919830322, 0.0019927620887756348, 0.009595380536598024, 5.488788594696455e-10, -0.000631897485107254, -8.686201043773461e-07, 3.4144783525624036, -0.04577255751066385, 1732915582464513206, 
0.010588765144348145, 0.004773914813995361, 0.010354336601479018, -2.0370260468651944e-10, 8.105773901137726e-05, -2.5130555968002975e-06, 3.4144073402863433, -0.04576630572214267, 1732915582554878898, 
-0.009342968463897705, -0.011391222476959229, -0.004728421795499415, -2.2521690629411982e-10, 0.00017377431853473984, -1.2960310142093633e-06, 3.4143981079915413, -0.045765492927193, 1732915582653882941, 
-0.00035113096237182617, -0.027182579040527344, -0.0013763858248133625, 2.559648437005782e-10, -5.049437628816181e-05, -5.069175272902381e-06, 3.4144204476529034, -0.04576745967737513, 1732915582749563661, 
-0.020009160041809082, 0.027187585830688477, -0.01563846408427204, 3.2690969680898475e-10, -0.00012723743575921483, -2.569288628447616e-06, 3.4144280855402367, -0.04576813210566704, 1732915582863799909, 
-0.017207562923431396, 0.03334784507751465, -0.01683209752796226, 1.5467916901658823e-09, -0.0004016916020005675, -3.8506946186136525e-06, 3.41445538325643, -0.045770535368882516, 1732915582954940920, 
-7.50422477722168e-05, -0.01666790246963501, -0.003995708936010639, -1.747380451774083e-09, -0.00041377836614838945, 4.22298649404845e-06, 3.4144565703397367, -0.04577063987853755, 1732915583053871317, 
-0.00899738073348999, -0.0020509958267211914, -0.007820748566800552, -3.281033180830503e-10, -0.00021260757762935057, 1.5432343557154355e-06, 3.4144365259020963, -0.04576887517184669, 1732915583164008233, 
0.0023197531700134277, -0.03570139408111572, -5.4033129855308136e-05, -1.1121866446650956e-09, -0.00018761426231521036, 5.928049557322636e-06, 3.4144340379653264, -0.045768656137831785, 1732915583263988328, 
-0.005125761032104492, -0.006729543209075928, -0.003935457749481567, -1.8546947568646666e-10, -6.773393837050188e-05, 2.738205988731324e-06, 3.4144220932676825, -0.04576760453912376, 1732915583354909751, 
0.04750263690948486, -0.004783332347869873, 0.03544102441712578, 6.825854445096375e-11, 0.00012468461204767872, 5.47449627744457e-07, 3.4144025664618627, -0.04576588542348721, 1732915583454891426, 
0.017149686813354492, 0.0006563067436218262, 0.021424047121792113, 2.1573459096991878e-10, 0.0007526787211781694, 2.8662241259089804e-07, 3.414341135981449, -0.04576047718594404, 1732915583564539103, 
-0.03708308935165405, -0.001205146312713623, -0.023374588794280927, -1.2593455096240725e-10, 0.00041800330863553956, -3.0127644533122723e-07, 3.414374627431663, -0.04576342571384204, 1732915583664628921, 
0.033088624477386475, 0.009355545043945312, 0.0198551252489758, -5.793793062987469e-10, -0.00019819879277682, 2.923223185073341e-06, 3.4144359983222583, -0.04576882869473554, 1732915583754932406, 
0.043104708194732666, -0.01676267385482788, 0.03764405496272856, 1.6337636317090091e-09, 0.0005245310190087921, 3.1147130913179115e-06, 3.4143637170891337, -0.045762465188961265, 1732915583854904101, 
-0.03757542371749878, 0.010162532329559326, -0.0199535280139181, 3.2894676966583023e-09, 0.0006665398679472669, 4.935140199173424e-06, 3.414349563832625, -0.04576121916405081, 1732915583950877759, 
0.03450542688369751, -0.011613428592681885, 0.02173936601710052, 3.313703155136801e-10, -6.948255424945433e-05, -4.769115342593821e-06, 3.414423007673225, -0.04576768497643964, 1732915584064819305, 
-5.97834587097168e-05, 0.023560643196105957, 0.005043334989614508, -1.0877112486830813e-09, 0.0003947522355072046, -2.7554277109679078e-06, 3.414376821066666, -0.04576361883213021, 1732915584154941338, 
0.002729177474975586, 0.012007832527160645, 0.003267907626200891, 5.056173164933056e-10, 0.00020014673281094962, 2.5262331759913913e-06, 3.4143962186369525, -0.04576532654913954, 1732915584254898446, 
-0.014514267444610596, 0.00048470497131347656, -0.010346247295960526, 7.441497793434548e-11, 4.4301021662706956e-05, 1.679757602452513e-06, 3.414411746450635, -0.045766693583506955, 1732915584350963095, 
0.003133058547973633, -0.03862041234970093, -2.377301397578531e-05, 1.5748436789293499e-10, -0.000171921017241062, -9.160274317834893e-07, 3.414433280095819, -0.045768589353962795, 1732915584465769994, 
0.014074087142944336, -0.0003522038459777832, 0.01076856424607486, -3.673443691860544e-12, 2.1814634509661275e-05, -1.6839354747078837e-07, 3.414413993145948, -0.04576689137935989, 1732915584554956441, 
-0.03131568431854248, 0.02350008487701416, -0.0214507667117273, 7.281983689177924e-11, 7.016633344826637e-05, 1.0378173308067934e-06, 3.4144091706067288, -0.04576646681491798, 1732915584654917744, 
-0.004563093185424805, -0.015744268894195557, -0.008514463311816822, 4.3831234967750445e-11, -0.00041024212295180727, -1.068423560515249e-07, 3.414456998870489, -0.04577067749700609, 1732915584751938782, 
0.028089582920074463, -0.012026727199554443, 0.019510632274339527, -5.740011920757685e-10, -0.00013263281553700722, 4.327746415935886e-06, 3.414429337470018, -0.045768242258897196, 1732915584844523563, 
-0.029204905033111572, 0.007860362529754639, -0.017787979753563946, -6.572600046305887e-11, 0.00020906346807270928, -3.143830008607736e-07, 3.4143953091623604, -0.04576524649693502, 1732915584954921106, 
-0.03390192985534668, -0.010008156299591064, -0.030115818399610753, 7.361872826633293e-10, -0.0004393774766627294, -1.6755234889485108e-06, 3.4144599472742403, -0.045770937048842365, 1732915585054943191, 
-0.009447157382965088, -0.002725660800933838, -0.014279136796542476, -1.03382307535703e-10, -0.0007157686905819014, 1.4443535865148818e-07, 3.4144874898274824, -0.045773361816015073, 1732915585150990001, 
-0.007179915904998779, -0.01216977834701538, -0.008835321669227394, -3.152836505761731e-09, -0.00047039739539500363, 6.7024956698882666e-06, 3.4144630188057943, -0.045771207457897076, 1732915585244511605, 
-0.021457314491271973, 0.008698999881744385, -0.018491149171885737, 4.300444351970186e-10, -0.0003723981735007022, -1.154797380326592e-06, 3.4144533077358763, -0.0457703525225205, 1732915585354019469, 
0.005895376205444336, -0.002903163433074951, 0.00018600280449289006, -1.822980793545578e-10, -0.0004115701548318461, 4.429331845722359e-07, 3.4144571989687105, -0.04577069509718954, 1732915585454961985, 
-0.00816410779953003, -0.008728325366973877, -0.006204004600973664, -3.999869924250025e-10, -0.0001295821819241873, 3.086743767434144e-06, 3.4144285714415243, -0.045768174827167114, 1732915585550928258, 
0.002149343490600586, 0.00044780969619750977, 0.00019353645375644497, -1.244822998965111e-10, -0.00013661241076136637, 9.112078412403975e-07, 3.414429330343771, -0.04576824163816138, 1732915585644084505, 
-0.01399528980255127, -0.009961962699890137, -0.01066714153958796, -1.1353394488033067e-10, -9.042945491576865e-05, 1.2554973928139112e-06, 3.414424707847641, -0.045767834691901835, 1732915585754932073, 
0.03429245948791504, -0.016794562339782715, 0.023753459835766304, -9.54417531966589e-11, -7.107386233142833e-05, 1.3428530554819064e-06, 3.4144227885866663, -0.04576766572668763, 1732915585854922739, 
0.0431673526763916, -0.010322213172912598, 0.03860406456743552, 7.582630341382899e-10, 0.000625749251684276, 1.2117681836571723e-06, 3.4143533607176937, -0.04576155356902145, 1732915585952978815, 
-0.04922318458557129, -0.017093777656555176, -0.028645430641917255, -5.2106698430774596e-09, 0.000659185138840696, -7.90471376864082e-06, 3.4143500213423197, -0.04576125958743726, 1732915586062828160, 
-0.003844916820526123, 0.01197516918182373, -0.009651456051456356, -1.53859887920926e-09, -0.0004059283872368941, 3.790320971840177e-06, 3.414456098073142, -0.045770598158184864, 1732915586154978947, 
0.01231461763381958, 0.004653513431549072, 0.007169129415501196, 9.929245382365315e-11, -0.00022343424549609915, -4.443922801681118e-07, 3.414437890809711, -0.04576899525235764, 1732915586254976250, 
-0.027233421802520752, 0.02094179391860962, -0.019167361350873283, 1.3799217412194602e-10, -3.7433337362512945e-05, -3.6863444150223223e-06, 3.414419394746523, -0.045767366927846644, 1732915586352024329, 
-0.00023943185806274414, -0.005887925624847412, -0.004669795016737251, 3.482792863544395e-10, -0.0003738291068544903, -9.316537422272048e-07, 3.4144529457182005, -0.045770320633987255, 1732915586462502654, 
0.026764869689941406, -0.0005647540092468262, 0.0193963946242213, 1.0844506337979137e-11, -5.7112900838459497e-05, -1.8987840188072726e-07, 3.4144214421056605, -0.04576754716126702, 1732915586554964572, 
0.010201752185821533, 0.0013592243194580078, 0.012349761482016015, -1.781825508393228e-10, 0.00039965330286491157, -4.458428081590283e-07, 3.4143759550210118, -0.04576354262699117, 1732915586654979217, 
-0.011792480945587158, -0.008930325508117676, -0.006137794061202229, -8.126602201022019e-10, 0.00027538586188869513, -2.9509874418704224e-06, 3.4143883450472368, -0.045764633405805465, 1732915586752926815, 
0.02455204725265503, -0.023111999034881592, 0.017356021095587683, -3.3170296253107476e-10, 5.72443740943239e-05, -5.7945076311693825e-06, 3.414410068555114, -0.04576654587765258, 1732915586844334199, 
-0.01986032724380493, 0.03463852405548096, -0.011140136064655005, 6.03064271042616e-12, 0.0002540340980427267, 2.3739500944522216e-08, 3.414390447767474, -0.04576481851678924, 1732915586954052075, 
0.005936682224273682, -0.010860145092010498, 0.001935567253072961, 2.3563215731542373e-10, -0.0001254328183387817, -1.8785526821138982e-06, 3.4144282589175554, -0.045768147323283825, 1732915587054983868, 
0.0009405016899108887, -0.036710500717163086, 0.0011735647950656377, 3.461287362624235e-11, 1.1660446436654375e-05, 2.9684003793746258e-06, 3.4144145808662993, -0.04576694313863092, 1732915587151949608, 
-0.013023555278778076, -0.0006658434867858887, -0.009694553724328335, -1.501070294820755e-11, -3.282225906040578e-05, 4.5733302270821736e-07, 3.414419009396074, -0.04576733301631622, 1732915587245023274, 
-0.051616132259368896, 0.0013141632080078125, -0.041780010728379176, -3.125827709637548e-11, -0.0004213079984894493, 7.419341006685937e-08, 3.4144577202988717, -0.04577074103281746, 1732915587355954739, 
-0.027955949306488037, -0.007844030857086182, -0.03117762469649995, -3.150453670247328e-09, -0.0010142144221298717, 3.1062994190432714e-06, 3.414516766575463, -0.04577593932418102, 1732915587456974111, 
0.023492097854614258, 0.0077283382415771484, 0.010689041717514364, 3.816473608236273e-09, -0.0007238576325425336, -5.272409154312563e-06, 3.414487854933978, -0.04577339401188989, 1732915587553018277, 
-0.00744020938873291, -0.005093812942504883, -0.003189991587717586, 1.2201978348193681e-12, 6.71536011719162e-07, 1.8170251684576192e-06, 3.414415488145763, -0.045767023034707914, 1732915587645051591, 
-0.026207685470581055, 0.01857227087020874, -0.020808065645335664, -7.678744692540173e-11, -0.0001763107414332849, 4.3552336233840696e-07, 3.4144331025139394, -0.04576857376097701, 1732915587755024955, 
-0.008334338665008545, -0.004300057888031006, -0.011249704354284419, -4.285443169363492e-10, -0.00047291783810163844, 9.061707603514999e-07, 3.4144626368718285, -0.045771173894441734, 1732915587856954257, 
0.010284900665283203, -0.006498098373413086, 0.005241612963885133, -6.820257855517244e-10, -0.0002785079640333799, 2.4488555934794805e-06, 3.414443236370577, -0.04576946592380734, 1732915587954055648, 
-0.03050166368484497, 0.002227306365966797, -0.02212007276577497, 2.3114746832293343e-11, -0.00010129333629160483, -2.2819612502198815e-07, 3.414425636309467, -0.04576791646120395, 1732915588064376281, 
0.014596402645111084, 0.009530425071716309, 0.0059957620133607795, 5.640009242525752e-10, -0.000378384435249748, -1.4905500113404859e-06, 3.4144532384397213, -0.045770346475919294, 1732915588154953970, 
0.04177653789520264, -0.0028918981552124023, 0.03338407404144185, 6.562965678477629e-12, 0.0002107657415146351, 3.1138673824853605e-08, 3.4143945522102834, -0.04576517990180457, 1732915588254958880, 
0.0009919404983520508, 0.01538771390914917, 0.008572919490270475, 1.9503654849969144e-09, 0.0006869270766430508, 2.839261329642399e-06, 3.4143471055688046, -0.04576100282602319, 1732915588353991014, 
-0.05464184284210205, -0.00790935754776001, -0.0398232722827507, -2.943207129789399e-10, 8.047700552173825e-05, -3.6572025893711803e-06, 3.4144075048454914, -0.045766320216805274, 1732915588464040027, 
0.03516727685928345, -0.004525959491729736, 0.01759745956209051, 7.412827691248104e-10, -0.0005796528478989229, -1.2788391738464672e-06, 3.414473239473526, -0.04577210730829528, 1732915588553988374, 
0.006149709224700928, 0.0046408772468566895, 0.008829246921203283, -4.544516193213771e-10, 0.00022531098946403365, -2.0169971309540635e-06, 3.4143930523617434, -0.045765047838133205, 1732915588653990748, 
0.019995927810668945, 0.02202075719833374, 0.017372132088800764, 1.063873126493118e-09, 0.0003091125075362622, 3.44170197114497e-06, 3.4143847006423975, -0.04576431257402298, 1732915588754029707, 
0.0038169026374816895, -0.00933617353439331, 0.006986841451368641, -6.826056559786963e-10, 0.0004187812467371949, -1.6299814313487245e-06, 3.414373767398977, -0.045763350038654914, 1732915588845084570, 
0.04944205284118652, 0.02999061346054077, 0.039480294565183455, 4.1540234702367855e-09, 0.000449911226821521, 9.232984692521753e-06, 3.4143706472443873, -0.04576307534185326, 1732915588954028225, 
-0.02459043264389038, 0.04087918996810913, -0.009583858294610711, 1.2038197702299918e-08, 0.0007463976182626505, 1.612839779730351e-05, 3.4143411116991156, -0.04576047510726094, 1732915589054970922, 
-0.003316938877105713, 0.02158254384994507, -0.004785746128519409, -3.5183792344733356e-10, -2.138086540253578e-05, 1.6455738195031406e-05, 3.4144175849751766, -0.04576720752013567, 1732915589154060866, 
0.03117191791534424, -0.015893876552581787, 0.022741173300593366, 1.849189253734283e-10, 4.2567688271486e-05, 4.344114817653755e-06, 3.414411187673516, -0.04576664432820842, 1732915589245223955, 
-0.011669933795928955, 0.005543649196624756, -0.0036099538181294, 8.065660574816615e-10, 0.00038887843317478234, 2.074082768995185e-06, 3.414376723933649, -0.045763610366115856, 1732915589354091092, 
-0.038252294063568115, 0.017851531505584717, -0.03012793194689596, -8.543438164526317e-10, -0.0001472792106877777, 5.800844616581935e-06, 3.41443011221049, -0.04576831029557675, 1732915589454975242, 
-0.006952404975891113, -0.0007711648941040039, -0.01237361303608809, -7.725500990139386e-10, -0.0006362188816560308, 1.2142835135654065e-06, 3.4144787899619584, -0.04577259552733264, 1732915589554001154, 
0.0004494190216064453, -0.022868037223815918, -0.0025495743258917864, -4.4456872796318455e-09, -0.00038153387496079444, 1.1652143024229956e-05, 3.4144534097361054, -0.045770361261509, 1732915589644711313, 
-0.015905141830444336, 0.027167797088623047, -0.01277009973883504, 1.1123723111127299e-09, -0.00020806127062879926, -5.346368921764907e-06, 3.4144361604575963, -0.045768842776197714, 1732915589754971143, 
-0.0030136704444885254, 0.007216811180114746, -0.005295196281507088, 7.669939897559962e-10, -0.00030423149505495, -2.5210867455306115e-06, 3.414445736582721, -0.04576968577741507, 1732915589854242977, 
-0.01936250925064087, 0.0160447359085083, -0.01605967003275305, 1.1151745147193886e-09, -0.00025766553576270104, -4.327992532716586e-06, 3.414441093805067, -0.04576927706474136, 1732915589954029975, 
0.011587440967559814, -0.003582894802093506, 0.005111803310953993, 9.65664074527623e-11, -0.00031365452437362136, -3.078750661914049e-07, 3.4144466744236937, -0.045769768335866885, 1732915590045031246, 
0.013247668743133545, 0.016736149787902832, 0.01133873632738859, -3.007588495391879e-10, 8.20919766669623e-05, -3.663681418701026e-06, 3.414407317318088, -0.045766303648082596, 1732915590154110344, 
0.0025260448455810547, -0.012254714965820312, 0.004587433245137912, -3.124967980918515e-10, 0.0002455477912476089, -1.2726516353662965e-06, 3.4143910403647837, -0.04576487075278758, 1732915590253991976, 
0.018889963626861572, -0.003509998321533203, 0.015532535368721904, -1.4109353915053414e-10, 0.00022838025776942915, -6.178009453557103e-07, 3.41439275066579, -0.045765021317259375, 1732915590354264833, 
-0.05483508110046387, 0.021568596363067627, -0.03834004331626262, 3.7801056365226776e-10, 0.00010424385205793176, 3.6262144595557995e-06, 3.4144051136817137, -0.04576610966342962, 1732915590464634448, 
0.0005930066108703613, -0.011083722114562988, -0.008521194531828674, 2.4088443810464553e-11, -0.0006996996297992828, -3.442683515121283e-08, 3.4144851741680164, -0.04577315759344653, 1732915590554131392, 
-0.030134737491607666, 0.006764769554138184, -0.025058924630856683, 1.6680774670266275e-09, -0.0004593077311620473, -3.6317208569653204e-06, 3.414461212391415, -0.04577104818473473, 1732915590654037472, 
0.03972649574279785, 0.005219221115112305, 0.024545883882894193, 1.0911288518448847e-09, -0.0004061318261682468, -2.686637149664963e-06, 3.414455913150802, -0.04577058167966509, 1732915590754196446, 
-0.006013751029968262, 0.00543522834777832, 0.001144143278263194, -7.968085163420943e-10, 0.00034348671148764815, -2.3197651894336754e-06, 3.414381253623619, -0.045764009197872026, 1732915590864900383, 
0.012210607528686523, -0.006635844707489014, 0.009613211121001152, -3.578910774544651e-10, 0.00015636590339862403, -2.2888051018519836e-06, 3.4143999011678012, -0.045765650799059095, 1732915590954236109, 
0.013926386833190918, -0.0136680006980896, 0.012909870735610712, 2.8143054262321565e-10, 0.000280894428375722, 1.0019085969436764e-06, 3.4143875041002096, -0.045764559446718034, 1732915591054727762, 
-0.007623136043548584, -0.0064040422439575195, -0.0028146152788137424, -4.0910898234659265e-10, 0.0002764878264996584, -1.4796636348367335e-06, 3.4143879382582094, -0.045764597668363785, 1732915591154985014, 
-0.011043310165405273, -0.005290687084197998, -0.009113449446434298, 6.853290630151093e-11, -3.792718790410292e-05, -1.806959864116293e-06, 3.414419319302988, -0.04576736024681036, 1732915591244415814, 
0.05422842502593994, -0.009150445461273193, 0.03937740225606681, -3.4716116731780746e-11, 5.925340265592325e-05, -5.858923736983121e-07, 3.414409635338666, -0.04576650773487369, 1732915591354367537, 
-0.02300429344177246, 0.01930856704711914, -0.008392001727486144, 4.862024949105996e-10, 0.0006583408703471254, 7.385269801861734e-07, 3.414349961738732, -0.045761254451179, 1732915591454083619, 
-0.026237308979034424, 0.0052834153175354, -0.022051340225965062, -3.4461911033134944e-10, -0.00012151632987217628, 2.8359901150228634e-06, 3.414427618088625, -0.045768090823310105, 1732915591554081892, 
0.020639359951019287, 0.0022327303886413574, 0.01063767066938301, -1.6221571324211942e-10, -0.0003548419887887768, 4.5714914910670256e-07, 3.4144508624498364, -0.045770137107176576, 1732915591644323207, 
0.03207290172576904, 0.002897977828979492, 0.027042654286628616, -1.7767066412714367e-10, 0.00026125107545054517, -6.800762975644735e-07, 3.4143894765704794, -0.04576473310212554, 1732915591754267389, 
-0.01552349328994751, -0.01939845085144043, -0.005553857504561624, -2.0398878386155527e-09, 0.0005050212471198294, -4.039211914843528e-06, 3.4143651874129346, -0.045762594847450565, 1732915591854255531, 
0.014868557453155518, 0.0013313889503479004, 0.01007921745586748, -3.412666699233207e-11, 7.896300408332692e-05, -4.3218552014965617e-07, 3.4144076251161857, -0.04576633078530184, 1732915591955090069, 
-0.004364192485809326, -0.007373034954071045, -0.0009816830087859604, -1.0402557688609876e-10, 0.00019016464101225406, -5.470290182883969e-07, 3.414396549011498, -0.045765355714926605, 1732915592064721979, 
0.009387969970703125, 0.006815791130065918, 0.0069556206960029714, 5.840444269242391e-11, 6.759599937982184e-05, 8.640221792453932e-07, 3.4144087512971453, -0.045766429928963286, 1732915592155412487, 
-0.010186076164245605, -0.00422060489654541, -0.006169314533147745, -1.6243496995910449e-12, 0.0001024506213776013, -1.585495214913528e-08, 3.4144052786222323, -0.04576612421608909, 1732915592254542525, 
-0.009451985359191895, -0.02014535665512085, -0.008679828873730554, 2.1390459441319133e-10, -0.00013506050190329036, -1.5837686917997465e-06, 3.414428947536403, -0.04576820788026801, 1732915592354099318, 
-0.03694486618041992, 0.00679856538772583, -0.030311557720944755, 3.870393437939022e-10, -0.00036028915847573977, -1.0742464342566767e-06, 3.4144513841697615, -0.045770183062545634, 1732915592444181974, 
-0.025423169136047363, 0.017670273780822754, -0.02655450482257532, 3.9625936628663155e-09, -0.0007730779004392731, -5.125736566282282e-06, 3.414492538419709, -0.04577380603070587, 1732915592555027689, 
-0.017632365226745605, -0.014906644821166992, -0.019709641226488932, -5.803242739270572e-09, -0.0007615100346865709, 7.6207042257284535e-06, 3.414491449874878, -0.04577371020496233, 1732915592654154436, 
0.03165853023529053, 0.00716167688369751, 0.019623559575196257, 9.821226263609008e-10, -0.00041117366069662624, -2.38858351164068e-06, 3.4144565514979193, -0.04577063794255598, 1732915592754009014, 
-0.025555074214935303, 0.019640862941741943, -0.014966475890332613, -1.0984613383322952e-09, 0.0001629155948083519, -6.742518048222984e-06, 3.4143992100892766, -0.045765589954766546, 1732915592864182422, 
0.008205413818359375, 0.001231849193572998, 0.0027769436327063253, 2.9794064959438977e-10, -0.00020878121599961414, -1.4270471994709544e-06, 3.4144361905578102, -0.04576884550133751, 1732915592955022861, 
0.020920276641845703, 0.013787627220153809, 0.016664889709701272, -2.470412095595657e-10, 9.732536039303968e-05, -2.5383025406935262e-06, 3.414405586203724, -0.04576615125680746, 1732915593053988107, 
-0.005991756916046143, 0.006215274333953857, -0.0006860092201867833, -4.1050064331956396e-11, 0.00031104309573021455, -1.3197548794833712e-07, 3.414384335219227, -0.04576428042887069, 1732915593154010283, 
-0.006479442119598389, -0.020791709423065186, -0.005121815481900435, -1.5430891769160162e-10, 3.09736934704827e-05, -4.9819346807527126e-06, 3.414412254437734, -0.04576673830160032, 1732915593244032675, 
0.01086193323135376, 0.00764697790145874, 0.007115483229498007, 4.1003703734343385e-11, -4.1559992293070506e-05, -9.866148060181457e-07, 3.4144194678511055, -0.045767373336446815, 1732915593354097759, 
-0.030650079250335693, 0.0074481964111328125, -0.021796094407135383, 5.162987344118491e-12, -1.1025527603786517e-05, -4.682757623630961e-07, 3.4144164308358635, -0.04576710596874419, 1732915593454011074, 
0.010842680931091309, 0.012553036212921143, 0.0031978181839859288, 7.935391403439231e-11, -0.0003678261472435753, -2.1573755598686127e-07, 3.4144519813891696, -0.04577023568748387, 1732915593554022408, 
0.003971695899963379, 0.015576303005218506, 0.0037904168414219204, 3.490206490342868e-11, -7.866531849462063e-06, -4.436779202237055e-06, 3.414416151028354, -0.0457670813325903, 1732915593664910010, 
0.03373080492019653, 0.01750284433364868, 0.026707391451117703, -2.5182358807657644e-10, 0.00021982826930882165, -1.1455468801549212e-06, 3.4143934668720894, -0.045765084313496615, 1732915593756038259, 
-0.03036642074584961, 0.018197178840637207, -0.016994043393000126, 1.1817291681672968e-09, 0.00042296828326159877, 2.7938954643471866e-06, 3.414373224140092, -0.04576330221938979, 1732915593854012827, 
0.04015517234802246, 0.00039523839950561523, 0.02675793210156533, -3.5013745044781207e-11, -4.471909892541531e-05, 7.829707191367795e-07, 3.4144197970070556, -0.04576740232263619, 1732915593954015761, 
-0.018801569938659668, -0.009801864624023438, -0.008128427690016676, 2.1456943142495497e-10, 0.00041332778931450114, 5.19126555175048e-07, 3.414374166180332, -0.045763385163634485, 1732915594064333619, 
0.03686600923538208, 0.008764088153839111, 0.02631546806014414, 3.0814290267606704e-10, 0.00010644286887881188, 2.894913543028384e-06, 3.414404800242198, -0.045766082061581434, 1732915594154112757, 
-0.03586435317993164, 0.00684887170791626, -0.021293783377443656, 4.499990293046744e-10, 0.00036384801055487507, 1.2367774901899764e-06, 3.4143791962433703, -0.04576382799181797, 1732915594250019856, 
0.008827030658721924, 0.022689759731292725, 0.0017708166019709953, -1.6314733907350306e-09, -0.00027992705531151916, 5.828209027239013e-06, 3.414443421133343, -0.04576948206894913, 1732915594351081845, 
0.006999075412750244, 0.008953094482421875, 0.0057733748744302855, 6.786260032364493e-13, -7.360147237617752e-07, -9.220277547818448e-07, 3.414415589377297, -0.045767031889496865, 1732915594460023777, 
-0.048592448234558105, 0.02704930305480957, -0.0358448763348215, 3.7337259706395904e-11, -0.00010660137748544048, -3.502511936254801e-07, 3.4144261379056116, -0.04576796053313266, 1732915594558039628, 
-0.03830862045288086, -0.011827051639556885, -0.037714393545472194, -7.728893653491613e-10, -0.000875203234056425, 8.830970170973254e-07, 3.4145027237368106, -0.04577470277096528, 1732915594650023988, 
0.02077549695968628, -0.0008658766746520996, 0.007078818264735116, -6.515300043146302e-10, -0.0008276681597771903, 7.87187469540961e-07, 3.414497989483862, -0.04577428599065024, 1732915594751059973, 
-0.022366344928741455, -0.005704820156097412, -0.015460190554543864, -5.59881997243816e-10, -0.0001588894726012228, 3.523719904647145e-06, 3.4144313825358616, -0.0457684222536244, 1732915594860268462, 
-0.0026748180389404297, -0.0019732117652893066, -0.0056657302473537615, -3.6479282362862053e-10, -0.0003421728045342929, 1.0661070043983014e-06, 3.4144496383125036, -0.045770029397600054, 1732915594958125309, 
-0.010409533977508545, 0.002910137176513672, -0.009292960296442256, 1.5223038999494332e-10, -0.00023365806409448642, -6.515092495732762e-07, 3.4144388387631546, -0.045769078665932425, 1732915595049028583, 
0.048381507396698, 0.008082211017608643, 0.03486057986115685, 3.9563748196266626e-11, -1.5868444708611778e-05, -2.4932341463051793e-06, 3.414417129870445, -0.045767167533630915, 1732915595150032480, 
0.007355630397796631, -0.025792598724365234, 0.013790842215844985, -3.1757409044365407e-10, 0.0006889062093163177, -4.60983057125904e-07, 3.4143470062799386, -0.04576099423424226, 1732915595259289806, 
0.00743788480758667, -0.02398008108139038, 0.008918638987768068, -6.022587858409407e-09, 0.00045539281465431687, -1.3225039272921073e-05, 3.4143702387097083, -0.04576303950402651, 1732915595359071183, 
0.014744043350219727, 0.024795949459075928, 0.013371853471958415, 1.938869391682305e-09, 0.00034093393720262895, 5.686935737729058e-06, 3.414381617991823, -0.045764041277382844, 1732915595449047476, 
0.006870090961456299, -0.0021483302116394043, 0.008387452081190232, 1.183291787633778e-10, 0.00036398738443221205, 3.250914285064049e-07, 3.4143793252593317, -0.04576383944299684, 1732915595550037874, 
-0.020491957664489746, 0.011528432369232178, -0.013724360754576087, 5.035085856631211e-10, 0.00015310368025736511, 3.2886772206698776e-06, 3.414400320308282, -0.045765687751850186, 1732915595664791429, 
0.0027098655700683594, 0.006766796112060547, -0.001138949767571524, -3.6299553584222176e-10, -0.0002123349072882003, 1.7095424415992568e-06, 3.4144367267844014, -0.045768892812356896, 1732915595754246235, 
-0.019489824771881104, 0.007138550281524658, -0.015184639538491102, 1.01899712506482e-10, -0.0001578702556794598, -6.45464923508957e-07, 3.4144313036610083, -0.045768415388532935, 1732915595854037542, 
0.02106231451034546, -0.0038541555404663086, 0.012568952142510931, -9.857484766819142e-11, -0.00023123598963035378, 4.262954388102385e-07, 3.4144386118742687, -0.0457690587675201, 1732915595955055686, 
-0.0015920400619506836, -0.003906726837158203, 0.0017245065942199812, 1.6012593500440448e-10, 0.00017711104494392096, 9.040990924936697e-07, 3.4143979336391435, -0.04576547765617172, 1732915596044956515, 
0.012338399887084961, 0.010629415512084961, 0.00984762486338739, 1.948611743282823e-10, 0.00012898068348478545, 1.5107779635178325e-06, 3.4144027292249097, -0.04576589983533879, 1732915596154062385, 
-0.009530186653137207, -0.00947558879852295, -0.004990563558026502, -1.2151171530160224e-10, 0.0001746781565238585, -6.956319995568851e-07, 3.4143981731054063, -0.04576549873780534, 1732915596254042895, 
-0.0154075026512146, -0.008027493953704834, -0.01296303264147803, 1.6438862110124e-10, -0.00012211815005040727, -1.3461440501136363e-06, 3.41442772843918, -0.045768100636989516, 1732915596356106692, 
0.013779044151306152, -0.020748913288116455, 0.007513666285184087, -3.21439945820825e-10, -0.00021311047939210357, 1.5083253847381445e-06, 3.414436794588032, -0.04576889877453916, 1732915596444068794, 
0.022188961505889893, -0.007830440998077393, 0.01874485248440809, 3.402853484541805e-10, 0.00019104534165378278, 1.781175848144229e-06, 3.414396551712829, -0.04576535599499278, 1732915596554233983, 
-0.03063291311264038, 0.00681692361831665, -0.019061779659918336, 4.0359175542803956e-10, 0.00026400905795263157, 1.5287041988553737e-06, 3.414389285223944, -0.045764716290880074, 1732915596654049106, 
0.016316652297973633, 0.004815101623535156, 0.008026848743210278, -3.281866172449744e-10, -0.00022772348876701903, 1.4411627848400737e-06, 3.4144383695510028, -0.04576903741167361, 1732915596756112250, 
-0.01336759328842163, -0.009464859962463379, -0.00835261609940861, -1.0269461403837275e-10, 3.921491863680311e-05, -2.6187639196577117e-06, 3.4144118094807285, -0.04576669920967534, 1732915596865821390, 
-0.025694072246551514, 0.010624527931213379, -0.021623537483984906, -2.6724510962741387e-11, -0.0002632616499856821, 1.0151311808687228e-07, 3.4144419230960583, -0.04576935024611246, 1732915596954071744, 
0.008523344993591309, -0.03239762783050537, 0.0014639566633217437, -2.9952837946020406e-09, -0.00043436472469900655, 6.8957804911014015e-06, 3.4144589808896986, -0.04577085192284827, 1732915597054066229, 
-0.011369585990905762, -0.01795142889022827, -0.008358526819147583, -9.751856883341452e-10, -0.0001244835922068136, 7.833849192863897e-06, 3.4144281717695475, -0.04576813966095533, 1732915597150119919, 
-0.01480090618133545, 0.008628010749816895, -0.01328573654329929, -3.1440805713333434e-10, -0.0002534343593578333, 1.2405897050818198e-06, 3.414441019732729, -0.04576927071853101, 1732915597244693064, 
-0.02018958330154419, -0.015048980712890625, -0.018563252682434986, -1.6156470124138348e-09, -0.0004053037733737254, 3.986261955977566e-06, 3.414456211606275, -0.0457706081149058, 1732915597354244421, 
0.003801405429840088, 0.013016223907470703, -0.0014338047561358973, 1.1741921173199451e-09, -0.00042512425827733987, -2.7619974500583147e-06, 3.414458349984677, -0.04577079636267651, 1732915597454067982, 
0.02812403440475464, 0.018086731433868408, 0.02119451729628911, 1.1831999841645568e-11, -1.8108306927237935e-06, -6.53401772412431e-06, 3.4144161785987435, -0.04576708389867524, 1732915597550121014, 
-0.048423051834106445, 0.00864720344543457, -0.03210541434345958, -4.758705794203916e-10, 0.00018622547568691384, -2.5553462954791164e-06, 3.41439742793481, -0.045765433219705505, 1732915597665402617, 
0.00024819374084472656, -0.026362836360931396, -0.007326094857022791, 2.4570980309951692e-09, -0.0005638713766016623, -4.357550556659921e-06, 3.414472145412634, -0.04577201086546313, 1732915597754101326, 
0.01589512825012207, -0.012219607830047607, 0.010454935882370148, -7.143379658456851e-10, -0.0002001870590623929, 3.568352365989079e-06, 3.414435922397633, -0.04576882201271176, 1732915597854062552, 
0.013067543506622314, 0.034494876861572266, 0.012451063530819855, -1.0655077366716976e-09, 0.00020961541619092972, -5.083155409243241e-06, 3.4143951005710194, -0.04576522829767174, 1732915597950131093, 
-0.04377788305282593, 0.013263583183288574, -0.03059726118405078, 7.422544814510606e-11, 9.050276297859101e-05, 8.201456585658555e-07, 3.4144069555968772, -0.04576627194254639, 1732915598044278617, 
0.05156427621841431, 0.023445963859558105, 0.03230854884116263, -5.991151107093399e-10, -0.0003297745812561167, 1.8167413280529405e-06, 3.414448821594579, -0.04576995759014678, 1732915598155121472, 
-0.016718149185180664, 0.005551338195800781, -0.005233068315779993, -6.079301701247552e-10, 0.0004612779002337716, -1.3179260697654526e-06, 3.4143699970326984, -0.04576301832616232, 1732915598254089383, 
0.01332700252532959, -0.026847660541534424, 0.008974480585086151, -6.825461985588838e-10, 6.799798882935155e-05, -1.0037740973072141e-05, 3.4144091653481516, -0.045766466478935695, 1732915598351096390, 
-0.011724770069122314, -0.0034872889518737793, -0.0068745715305616305, -4.4723667319085537e-10, 0.00013399049862982554, -3.337823784255274e-06, 3.414402595323107, -0.04576588808915216, 1732915598466409075, 
0.0060217976570129395, -0.012633860111236572, 0.0029998412060609995, 2.1548809290308874e-10, -7.543395763054037e-05, -2.8566457292152693e-06, 3.4144240845941836, -0.04576777990517332, 1732915598555088041, 
0.0021735429763793945, -0.006393909454345703, 0.002366395947844906, -3.01250434821383e-11, 4.685287923788389e-05, -6.429710184764922e-07, 3.4144122223014888, -0.04576673560027049, 1732915598654071410, 
-0.01770198345184326, 0.002875387668609619, -0.012996717466520348, -4.660566332207244e-12, -2.2701696160755966e-05, 2.0529595230262507e-07, 3.4144191287151173, -0.04576734361156267, 1732915598751178397, 
0.01810091733932495, -0.007382631301879883, 0.010813627134104182, -8.97804447553674e-11, -0.0001713212277638426, 5.240474045582085e-07, 3.4144339365949197, -0.04576864723794828, 1732915598844657738, 
-0.01252835988998413, 0.0235632061958313, -0.007058178830323513, -3.724491498437107e-10, 0.00011086100195665616, -3.359604759745261e-06, 3.4144055362075583, -0.045766146982498195, 1732915598955263368, 
-0.013991057872772217, 0.00767970085144043, -0.012362550150916694, 8.031206521355181e-11, -0.00016802618749299172, -4.77973501701344e-07, 3.414433103331617, -0.04576857388159537, 1732915599054124585, 
0.009836196899414062, 0.00017708539962768555, 0.004636282985502978, 2.3520006200902146e-10, -0.0002301279038741382, -1.022040604592033e-06, 3.414439262941156, -0.04576911614973511, 1732915599151078865, 
-0.005932807922363281, 0.014812171459197998, -0.0034551310285630497, -2.1820925101610795e-11, 7.658675297195292e-06, -2.849177469320563e-06, 3.4144155766106836, -0.04576703089183423, 1732915599266622050, 
-0.0059860944747924805, 0.014420151710510254, -0.005391019440302526, 6.468269360769182e-11, -9.034917563310174e-05, -7.159190236595103e-07, 3.41442533476468, -0.04576788996498128, 1732915599354145902, 
0.02260488271713257, -0.014156043529510498, 0.016041945671337147, -2.6268041987311696e-11, -2.290450842994151e-05, 1.1468502835438838e-06, 3.4144186146253306, -0.045767298347013055, 1732915599455114059, 
-0.006259322166442871, 0.015094578266143799, -0.001036141313562458, -2.97266341156895e-11, 0.0002708100422677349, -1.0976931972965914e-07, 3.41438937024989, -0.04576472376835135, 1732915599552159891, 
-0.011760294437408447, 0.020486176013946533, -0.009245957419744892, -3.0916649001258684e-11, -8.513108986182605e-06, 3.6316519677404167e-06, 3.4144171895898014, -0.04576717288885745, 1732915599643991224, 
0.006202220916748047, -0.0047667622566223145, 0.0025833887675051175, -9.137850132459504e-11, -0.00014982703080107052, 6.098932938604436e-07, 3.414431271215733, -0.045768412586725885, 1732915599754316167, 
-0.017063796520233154, 0.007779061794281006, -0.012456454059473666, 5.431673858890829e-11, -6.291948992303431e-05, -8.632736637781193e-07, 3.4144220531862643, -0.04576760106683525, 1732915599854138821, 
0.00844508409500122, 0.009200036525726318, 0.003548627861820355, 1.3170950577350806e-10, -0.00020403063339035168, -6.455378958782198e-07, 3.4144357016687987, -0.045768802628038785, 1732915599952182089, 
-0.031085193157196045, -0.002671480178833008, -0.022963399314114383, -1.6668776793524735e-12, -0.00011818380649164485, 1.4104112304677845e-08, 3.414427069423577, -0.0457680426768398, 1732915600062330446, 
-0.003996074199676514, -0.027341127395629883, -0.0084336675920328, -8.584728613419182e-10, -0.00048045021014089784, 1.786809211905976e-06, 3.4144630732884544, -0.0457712123259332, 1732915600154125632, 
-0.003867626190185547, 0.0011716485023498535, -0.00493259210300684, 3.491749316837386e-12, -0.00028955933773239847, -1.2058838593091236e-08, 3.4144440392848505, -0.04576953664210684, 1732915600254118844, 
-0.00032764673233032227, -0.001974821090698242, -0.0014041330573817822, -1.0803998987064422e-10, -0.00016292439211166123, 6.63129617795955e-07, 3.4144313930183627, -0.04576842331369879, 1732915600352120310, 
-0.001690506935119629, -0.0038370490074157715, -0.001622000915283877, -2.05309045218734e-11, -7.219752494030363e-05, 2.843713068952064e-07, 3.41442237863679, -0.04576762972213321, 1732915600444604607, 
0.015559375286102295, 0.016000807285308838, 0.011530957727792415, -2.331721902133071e-11, 2.1489187956970596e-05, -1.0850674798889804e-06, 3.41441304795088, -0.04576680828452373, 1732915600555247702, 
-0.019506454467773438, 0.019984066486358643, -0.012232629231137066, -2.0446092629238244e-11, 0.0001369360144317924, -1.4931128756797875e-07, 3.4144015464029343, -0.045765795732900086, 1732915600655109316, 
0.010939240455627441, 0.016280293464660645, 0.005509688781085247, -2.183791535230233e-10, -0.0001512723744381626, 1.4436155599070916e-06, 3.4144302567880507, -0.045768323285964266, 1732915600753126121, 
-0.026351869106292725, -0.005593538284301758, -0.018881318511557957, -3.077614145929243e-11, -4.8046566322199795e-05, 6.405481976153703e-07, 3.4144199755118954, -0.04576741816173116, 1732915600844686559, 
0.03707408905029297, -0.01413816213607788, 0.023959760347834112, 1.8516558868178444e-11, -0.00020450613424877304, -9.054280418627363e-08, 3.414435562011294, -0.0457687903353919, 1732915600955118399, 
-0.034892916679382324, 0.0005518198013305664, -0.021100234756369685, 2.915173730558141e-11, 0.00025119291360036974, 1.160531835382895e-07, 3.4143901896254665, -0.04576479593193528, 1732915601055132432, 
0.008738934993743896, 0.011252164840698242, 0.0017491728834273766, -7.318682272508359e-10, -0.0003025604572912046, 2.418915656735793e-06, 3.4144453684711658, -0.04576965365699587, 1732915601153182250, 
0.005678236484527588, 0.016935765743255615, 0.004757340502443557, 4.8546351841996435e-11, -1.235967028685321e-05, -3.927803146466976e-06, 3.414416453569596, -0.04576710810564202, 1732915601245303555, 
0.018989741802215576, 0.002644777297973633, 0.01564982865137167, -1.402370058305927e-10, 0.00017173928793892045, -8.165691584820614e-07, 3.4143981074012495, -0.04576549298433797, 1732915601356265103, 
-0.03221374750137329, 0.009754717350006104, -0.020996266861453963, 2.997872154361122e-10, 0.00019374039658370747, 1.5473655506149755e-06, 3.4143959150832637, -0.04576529998075013, 1732915601455116529, 
0.03242391347885132, 0.0006003975868225098, 0.019904022202774797, -1.176583513789884e-10, -0.00020862433835679844, 5.639723164886158e-07, 3.4144359920131144, -0.04576882820145801, 1732915601553112586, 
0.026657581329345703, 0.02715235948562622, 0.02506579342993462, -1.878590133207702e-09, 0.00044681167422213914, -4.204433862383221e-06, 3.4143707248773123, -0.04576308233807726, 1732915601663532331, 
-0.017246007919311523, -0.025099575519561768, -0.007335960118297971, -4.7672919152698535e-09, 0.0005031823435948969, -9.474282983005292e-06, 3.4143651225469256, -0.04576258913257386, 1732915601756122930, 
-0.015004873275756836, 0.00186920166015625, -0.013205298645497816, 1.5182737968590662e-10, -8.802224362739912e-05, -1.7248751387046734e-06, 3.4144240149810634, -0.04576777382538712, 1732915601857118893, 
0.02233099937438965, -0.02462637424468994, 0.014003116498925956, -2.3474191887194896e-10, -0.00017176574085918427, 1.3666399230588907e-06, 3.4144323649083757, -0.04576850893188482, 1732915601954275874, 
-0.024697542190551758, -0.005470931529998779, -0.015626800815091213, 1.5150018978385257e-10, 0.00011759320784762587, 1.288341329884992e-06, 3.41440316346902, -0.04576593810787927, 1732915602064945879, 
0.011448502540588379, -0.006983637809753418, 0.005104980355010672, 9.941675046663019e-11, -0.00021458802047197713, -4.632912417383194e-07, 3.414435885325772, -0.04576881885555632, 1732915602156386428, 
0.012121856212615967, -0.005715489387512207, 0.010474907852562512, 1.1716177368802223e-10, 0.00010054308368339854, 1.1652892411471535e-06, 3.4144044892348635, -0.04576605482774719, 1732915602256209916, 
0.023180246353149414, -0.009611785411834717, 0.020195438732865716, -1.145626452380341e-10, 0.00032482641100853576, -3.52688825032222e-07, 3.414382170591186, -0.045764089954019246, 1732915602354169437, 
-0.0345458984375, 0.004749596118927002, -0.021718112632052713, 3.0103527095831774e-10, 0.0003054048723916138, 9.856924305133776e-07, 3.414384105190025, -0.04576426027040037, 1732915602445815401, 
-0.015396535396575928, -0.01018589735031128, -0.016870808622122268, 1.049760677590874e-09, -0.00040871293729405, -2.5684547314332254e-06, 3.4144552391390506, -0.045770522708286264, 1732915602555291932, 
0.006681561470031738, 0.00742185115814209, 0.001167258927467732, 1.1283643947743018e-09, -0.00038584409339614107, -2.9244049969577345e-06, 3.4144529587754238, -0.04577032195119893, 1732915602655129705, 
-0.0010734796524047852, 0.014265358448028564, -0.0005467750534825034, 3.658419928930912e-10, -7.296957104522379e-05, -5.013624003166418e-06, 3.4144217861116988, -0.04576757758589954, 1732915602755261907, 
-0.02324014902114868, 0.020690739154815674, -0.01791742267044065, 3.3496704129691666e-10, -0.00013078382821147977, -2.561226765401522e-06, 3.4144275350736173, -0.04576808371021945, 1732915602845501806, 
0.04092150926589966, -0.02633124589920044, 0.027130861267198395, -3.8360172503629527e-10, -0.0001884157421161725, 2.0359324583387302e-06, 3.4144332826750206, -0.045768589721518, 1732915602955291451, 
-0.027727901935577393, 0.02662479877471924, -0.01487337833849639, -1.1278783817749061e-09, 0.0003471371035017076, -3.2490862267316177e-06, 3.4143799362768568, -0.04576389318735497, 1732915603055132877, 
0.0095595121383667, 0.016831815242767334, 0.0038344580376354805, -6.414249879539366e-10, -0.00015828846417599465, 4.05225353150664e-06, 3.4144302743527577, -0.045768324868951694, 1732915603155341847, 
-0.004478275775909424, 0.017214536666870117, -0.0025297403603561667, -1.2761414845865461e-11, 1.6095568367165277e-05, -7.928527004923019e-07, 3.41441281636641, -0.04576678789385154, 1732915603245478405, 
0.007270097732543945, 0.00306624174118042, 0.004972841319481685, 5.108293350681233e-12, -1.1785352761985526e-05, -4.3344424675673584e-07, 3.4144155733201407, -0.04576703061102563, 1732915603355133420, 
-0.03881025314331055, 0.03174924850463867, -0.02854419034506505, 4.984740163016047e-11, -8.089573271279109e-05, -6.161932151246673e-07, 3.4144224452657808, -0.04576763560554234, 1732915603455146827, 
0.019000470638275146, -0.021068155765533447, 0.00786312835268501, -5.524920813374964e-10, -0.00047615813674345897, 1.1603121709020886e-06, 3.4144618520730714, -0.04577110491537423, 1732915603555286681, 
0.010726869106292725, 0.0023286938667297363, 0.010053879316470064, -1.0706446722339932e-10, 8.505594915607842e-05, -1.258753423901426e-06, 3.414406016376053, -0.04576618923180405, 1732915603645844230, 
0.019320249557495117, -0.012961864471435547, 0.01714220648079438, -2.4092798473816134e-10, 0.0002964877510327284, -8.126068746481401e-07, 3.4143849576027643, -0.04576433525271601, 1732915603715720984, 
-0.0025437474250793457, -0.010469794273376465, 0.0020641533998921584, -1.1178189404877514e-09, 0.0003833264069393275, -2.9161021005909426e-06, 3.414376305636825, -0.04576357354844992, 1732915603855146064, 
0.036012887954711914, -0.02117377519607544, 0.028048441225058826, -2.124327396707617e-09, 0.0002890159184600449, -7.350208971279538e-06, 3.4143857104602966, -0.04576440153893883, 1732915603955628694, 
-0.04784137010574341, 0.00563734769821167, -0.030057081063883224, -4.040998111477593e-10, 0.0003870181688066239, -1.044136538586307e-06, 3.4143759371426166, -0.045763541104192264, 1732915604065340232, 
0.0014653205871582031, -5.1081180572509766e-05, -0.005915833620407113, 2.5966901366617e-10, -0.00047263834229296963, -5.494031914685659e-07, 3.4144615588467087, -0.045771079195415315, 1732915604155273006, 
0.003100275993347168, -0.008899033069610596, 0.0009904979033437478, -5.263113057075012e-10, -0.00020889498651664447, 2.5195018534615017e-06, 3.414435315315462, -0.04576876872445494, 1732915604255161723, 
0.027578532695770264, 0.0007857084274291992, 0.0213434686812753, 1.0762269912602892e-11, 9.236779035550376e-05, 1.1651539861656568e-07, 3.4144053210524707, -0.04576612804145354, 1732915604354344457, 
-0.025086581707000732, -0.0012042522430419922, -0.014207478688330385, -1.9508510724506073e-10, 0.00031486607168445787, -6.19581227667377e-07, 3.4143831542965817, -0.045764176492597855, 1732915604446481418, 
0.008995234966278076, 0.0037886500358581543, 0.0035585392991107773, -3.084043880610691e-11, -0.00015580207078482442, 1.9794627023090157e-07, 3.414430059001807, -0.04576830595584062, 1732915604555408067, 
-0.0013936758041381836, 0.014570236206054688, -0.00023315082227772432, -4.5073770053676627e-11, 2.4949959041236557e-05, -1.8065668957283669e-06, 3.414412014481823, -0.04576671732582055, 1732915604655953971, 
0.003299891948699951, 0.020752012729644775, 0.0024712995310465728, -4.3500281749188053e-13, 1.6026065389714848e-05, -2.7143457044113592e-08, 3.4144128934830844, -0.045766794712689685, 1732915604754995594, 
-0.025093436241149902, 0.006604135036468506, -0.018629991577852577, -4.545513593165895e-12, -6.0880691669351974e-05, 7.466264703188578e-08, 3.414420548837951, -0.04576746868671345, 1732915604865912928, 
0.038173556327819824, -0.02536022663116455, 0.024860266291283788, -2.37427383722373e-10, -0.00019793939270361448, 1.1994953630977645e-06, 3.414434211707944, -0.04576867156109202, 1732915604955162634, 
0.016461968421936035, 0.02036529779434204, 0.01842140675906603, -1.3976023583196094e-09, 0.0004982791590720688, -2.804858146028674e-06, 3.4143648460834517, -0.045762564638779646, 1732915605055233158, 
-0.025510072708129883, -0.013391494750976562, -0.015217447026592789, -2.03243610031555e-09, 0.0003524898934758082, -5.765941486362186e-06, 3.414379368164804, -0.04576384315790179, 1732915605155266975, 
-0.005786299705505371, 0.03179895877838135, -0.007992946826761656, -1.6754449545077961e-09, -0.00023175679059622906, 7.229324112564136e-06, 3.414437529411057, -0.04576896366629852, 1732915605265676482, 
0.019493401050567627, -0.011185109615325928, 0.0130517523819592, -4.3875758056611824e-10, -0.00011924944160442423, 3.679326080381747e-06, 3.414426309228802, -0.045767975839729684, 1732915605355520301, 
-0.027072489261627197, 0.02649909257888794, -0.01766762677525742, -1.545838175392137e-10, 9.930734408907416e-05, -1.5566201971986995e-06, 3.414404548461193, -0.04576606003210749, 1732915605455474026, 
0.017425179481506348, -0.002585887908935547, 0.009202486013004715, 1.320714151429366e-10, -0.00023520243764179878, -5.615223059213126e-07, 3.4144379791685666, -0.0457690032490447, 1732915605555244557, 
-0.018664062023162842, 0.018565833568572998, -0.012131706426394846, -1.2658574421829208e-10, 3.6431186543616346e-05, -3.4746533458837633e-06, 3.414410931535588, -0.04576662199013116, 1732915605645544649, 
0.024982988834381104, 0.005576968193054199, 0.01628388584883625, 7.254850666234086e-11, -0.00011008237541027845, -6.590383464378529e-07, 3.414425472327648, -0.0457679021557404, 1732915605755669476, 
-0.04585796594619751, -0.016456961631774902, -0.03129098968398465, 7.259518941021636e-11, 8.189295790777141e-05, 8.864643708678067e-07, 3.4144058228200764, -0.045766172214478, 1732915605855166706, 
0.0015445351600646973, -0.007794857025146484, -0.006143147300182002, 3.447693881196944e-10, -0.0005536588764202539, -6.227108474243945e-07, 3.41446808666608, -0.04577165391521733, 1732915605955236541, 
-0.0012791752815246582, 0.010247111320495605, -0.0024147106733456067, 1.212363193943542e-09, -0.00025177044959000434, -4.8153514279289535e-06, 3.41443793284626, -0.045768999176434046, 1732915606065763602, 
-0.012073218822479248, 0.02427506446838379, -0.009805868936251131, 9.876385938539871e-10, -0.0001584159658652809, -6.234463732613217e-06, 3.4144286094629215, -0.045768178344259856, 1732915606155329255, 
-0.05651295185089111, 0.012830972671508789, -0.045553921377734494, 1.5930810607182866e-09, -0.0004741297724877989, -3.360010598700132e-06, 3.4144600309439728, -0.045770944700100215, 1732915606255324526, 
0.03522837162017822, -0.010954082012176514, 0.016305272787487807, -2.6087813555735266e-09, -0.0008182172675741456, 3.188372402978067e-06, 3.414494316443719, -0.045773963229566644, 1732915606355240634, 
-0.0024210214614868164, 0.010302901268005371, 0.0019671437958908404, -6.115563761386038e-10, 0.00010717318288624934, -5.706244413657966e-06, 3.414402058653579, -0.04576584073389291, 1732915606465965863, 
0.0201452374458313, -0.02252197265625, 0.015880667662986465, -4.845980665693495e-10, 0.00015212005787041438, -3.185628991688665e-06, 3.414397591802986, -0.045765447467615954, 1732915606555181245, 
0.033574461936950684, 0.002153158187866211, 0.02941711813185425, -2.407209343190955e-10, 0.0004852532574881564, -4.960727838596134e-07, 3.4143644223829597, -0.0457625271825146, 1732915606655165399, 
0.026065945625305176, 0.011050224304199219, 0.02683666849888284, 3.1379366528621924e-09, 0.0007866910011293435, 3.98877913737095e-06, 3.4143344174608847, -0.04575988549625007, 1732915606755244282, 
-0.030807435512542725, -0.007209599018096924, -0.01730388597437378, -1.8945464832692617e-09, 0.0005560814950376722, -3.4069583328625487e-06, 3.414357398109713, -0.04576190875877427, 1732915606845040075, 
0.02694767713546753, -0.02195286750793457, 0.016574804088198197, 7.922953237059459e-10, -7.810172552789982e-05, -1.014440229522098e-05, 3.4144205735769857, -0.04576747083497823, 1732915606955240132, 
0.021397113800048828, -0.014477789402008057, 0.02025913365319604, -5.921203386935702e-10, 0.00039147039781302177, -1.5125545686250968e-06, 3.4143737844861763, -0.04576335142433873, 1732915607055184609, 
0.01569211483001709, 0.01118236780166626, 0.016752464812941598, 1.6335321436694808e-09, 0.0005451081506020604, 2.9967120136899057e-06, 3.4143584734364656, -0.0457620034034214, 1732915607155260956, 
-0.023723840713500977, -0.0098838210105896, -0.014241005900796206, -1.1624955358988071e-09, 0.0003396990163916792, -3.4221339474189953e-06, 3.414378929450703, -0.045763804414642464, 1732915607245531033, 
0.06348443031311035, -0.01508718729019165, 0.04526070330534293, -4.3306009555511906e-10, 9.163613440102262e-05, -4.7258660394811055e-06, 3.414403657852067, -0.0457659815749478, 1732915607356200488, 
-0.00576329231262207, -0.007347524166107178, 0.0061825955195234025, -1.3857513315187686e-09, 0.0008536291909016229, -1.6233645080191154e-06, 3.4143277773102927, -0.04575930080961412, 1732915607455167018, 
0.02719491720199585, 0.0071506500244140625, 0.022260459971004787, 1.879774072019926e-09, 0.0004379276321337163, 4.292430835800647e-06, 3.414369213055942, -0.04576294896561783, 1732915607555298043, 
0.005770623683929443, -0.00209122896194458, 0.009626065209053177, 1.6788006155815534e-10, 0.0005500855329159285, 3.0518901427609994e-07, 3.414358036298182, -0.04576196492603423, 1732915607665892967, 
0.03669649362564087, -0.003956854343414307, 0.030341075547856877, -7.567121134478434e-10, 0.0004744912398228769, -1.5947862677724396e-06, 3.414365579127015, -0.04576262901877451, 1732915607756406597, 
-0.032210707664489746, 0.005463898181915283, -0.01755635264435702, 8.750009535239727e-10, 0.000543173221850401, 1.610905910536515e-06, 3.4143587331052814, -0.045762026270800046, 1732915607855167952, 
0.0031062960624694824, -0.005305767059326172, -0.0017342210090290078, 3.509742834334468e-10, -0.00019192931519385861, -1.8286642823632465e-06, 3.414431957223338, -0.04576847317275418, 1732915607955289475, 
-0.012356460094451904, -0.00016230344772338867, -0.009863660497825874, 5.3701427959592165e-11, -0.0001326432673543646, -4.0485604004404923e-07, 3.4144260588301285, -0.04576795385869181, 1732915608065391510, 
0.045175909996032715, -0.007641911506652832, 0.03227273667112342, -1.179000438523944e-11, -1.7310232972347992e-05, 6.811002719647523e-07, 3.414414564689495, -0.04576694187523938, 1732915608157205891, 
-0.02734982967376709, -0.009305477142333984, -0.013381118426305329, 1.3759368862173921e-10, 0.0004862118339295741, 2.82991237604614e-07, 3.414364403980364, -0.04576252555121894, 1732915608252184462, 
0.006379842758178711, -0.00031948089599609375, 0.0017491845319302125, 5.851207057049236e-12, -0.00011129052152895468, -5.2575969423657664e-08, 3.4144238549495753, -0.045767759819008685, 1732915608352278632, 
0.00536799430847168, 0.00915682315826416, 0.004519009495366837, -2.458080668166287e-11, 3.101727628657597e-05, -7.924875948021666e-07, 3.4144096687941934, -0.04576651082136404, 1732915608448968382, 
0.028063714504241943, 0.014816582202911377, 0.02253973939103065, 6.71845706769219e-11, 0.00021791090785356016, 3.0831210488128055e-07, 3.4143910328074782, -0.04576487004498402, 1732915608555270325, 
-0.01565730571746826, -0.019166529178619385, -0.006710117849654348, -1.2295005667397613e-09, 0.0004083345969549618, -3.0110124782676004e-06, 3.4143720707386875, -0.045763200559037244, 1732915608655189825, 
0.01778995990753174, -0.0004856586456298828, 0.01204525043219954, -3.529125674312339e-11, 4.744308480618696e-05, -7.438651362425978e-07, 3.414407983951485, -0.04576636248585377, 1732915608755296328, 
-0.0236433744430542, -0.008706629276275635, -0.01527907216575439, -6.599326802377255e-11, 0.00013451003119046363, -4.906196767609647e-07, 3.4143993055189723, -0.045765598403449535, 1732915608865433494, 
0.009972691535949707, -0.015377938747406006, 0.004056720785614035, 3.950417360342944e-10, -0.00021397671408104326, -1.8461903096832916e-06, 3.4144340352142235, -0.04576865614005333, 1732915608955203154, 
-0.013134479522705078, -0.009629666805267334, -0.009103567736946145, -3.250652202225686e-11, -3.1544297757948474e-05, 1.0305039050700035e-06, 3.414415889119462, -0.0457670584860733, 1732915609055192776, 
0.02880549430847168, -0.011380970478057861, 0.019919064731097787, -2.0572621678158536e-11, -5.203394867563007e-05, 3.953692195532655e-07, 3.414417933199216, -0.04576723845559872, 1732915609152312616, 
-0.021142959594726562, -0.023860275745391846, -0.011521511421957828, 1.6025063618878781e-10, 0.00027141461040291006, 5.904274495425971e-07, 3.4143857197634415, -0.0457644022566187, 1732915609250342480, 
0.029241561889648438, 0.011542677879333496, 0.019685522803890857, -3.6652012891772396e-11, -2.4998995734009928e-05, 1.4661394114288e-06, 3.4144152547167126, -0.04576700262935686, 1732915609359241748, 
0.005863070487976074, -0.0031641125679016113, 0.009096100242739097, -1.6202528755114482e-10, 0.0003945732134057003, -4.106342803979204e-07, 3.4143733599753023, -0.045763314054917466, 1732915609451207467, 
-0.0322609543800354, 0.02740389108657837, -0.02256748154591142, 9.645863273008756e-10, 0.0001212684801337161, 7.954138835064802e-06, 3.4144004943482535, -0.04576570306460581, 1732915609550342563, 
-0.0541539192199707, -0.006794869899749756, -0.04673662777828619, -5.633009570108376e-10, -0.0006401794925090607, 8.799109680990993e-07, 3.4144763083227834, -0.045772378000101206, 1732915609665410076, 
0.014239490032196045, -0.0013155937194824219, -3.7312879957826506e-05, -4.007938549553659e-10, -0.0009726061950538645, 4.1208235871165643e-07, 3.4145094161318155, -0.04577529291896698, 1732915609755320749, 
-0.030819833278656006, 0.006463468074798584, -0.0235962235599516, 1.848141192932433e-09, -0.0003653535267144919, -5.058501034743469e-06, 3.4144488793782437, -0.04576996308810587, 1732915609855202704, 
-0.011668205261230469, 0.019240915775299072, -0.014453523269973786, 4.039048664713346e-09, -0.0005845409772941893, -6.909778478507868e-06, 3.414470704818847, -0.0457718846634705, 1732915609955213864, 
0.0013306736946105957, -0.004708230495452881, -0.0023620943001062527, 3.0023652197179e-10, -0.0004048508127418814, -7.41597923290351e-07, 3.4144528096185995, -0.04577030910492928, 1732915610065617112, 
0.012874424457550049, 0.004308581352233887, 0.009303931012310687, 1.5927887878607393e-10, -8.23233528663282e-05, -1.9347958172294266e-06, 3.4144206786303823, -0.04576748016141029, 1732915610155806274, 
-0.019023656845092773, 0.01427757740020752, -0.012383902686794913, -1.230798377759571e-10, 7.258393047679444e-05, -1.6956898995061522e-06, 3.414405242916058, -0.045766121135726465, 1732915610255212605, 
-0.013640940189361572, -0.007682919502258301, -0.013340954338057142, 3.2289898738391035e-10, -0.0002783749845438676, -1.1599425426569766e-06, 3.4144402022061273, -0.04576919910275492, 1732915610356217550, 
-0.012532472610473633, -0.013315439224243164, -0.01271491645099019, -9.589799895760343e-10, -0.0003737584917194467, 2.56577445281396e-06, 3.4144497047523594, -0.04577003574883603, 1732915610465614018, 
0.04232555627822876, -0.0029764771461486816, 0.029424510411564388, -2.041558360795753e-10, -0.00014048837597830277, 1.4531866758222432e-06, 3.414426458493595, -0.045767989043150444, 1732915610555416083, 
-0.013529360294342041, -0.015707850456237793, -0.003468084109479526, 9.449836475440523e-10, 0.0004654854374675386, 2.0301035681915447e-06, 3.4143660218976204, -0.04576266794382667, 1732915610655212994, 
0.01493215560913086, -0.01685333251953125, 0.010616313501975163, -6.056102655697186e-10, 0.0001095154184336617, -5.529908703554498e-06, 3.414401490967674, -0.04576579078872121, 1732915610756221326, 
0.026894569396972656, -0.0015676021575927734, 0.023071734707504912, -4.937098091846898e-10, 0.00034577471683310066, -1.4278366379893378e-06, 3.4143779797256, -0.04576372076008455, 1732915610845970937, 
0.017590105533599854, -0.003292083740234375, 0.018863895335451686, -7.19532991449789e-10, 0.0005965325595987574, -1.2061923190475382e-06, 3.414353020283607, -0.04576152322167907, 1732915610955228814, 
-0.027917206287384033, 0.00010645389556884766, -0.016956908384621154, -8.738423256640215e-11, 0.00037318384826714405, -2.3415866729539714e-07, 3.4143752678509753, -0.04576348200278436, 1732915611055217872, 
-0.006463289260864258, -0.0096396803855896, -0.00891842798869418, 1.0048075604949682e-09, -0.00026283940580252717, -3.822895419455811e-06, 3.4144386192236076, -0.045769059764046736, 1732915611150220047, 
-0.021834909915924072, -0.0262298583984375, -0.018800542202561873, -1.4618670199916531e-09, -0.0003275579490655071, 4.462926404815472e-06, 3.4144450750909385, -0.045769628169864664, 1732915611265561376, 
-0.045393168926239014, -0.0014262199401855469, -0.039146712825625346, -1.13978461391493e-09, -0.000635186115812322, 1.794410465753476e-06, 3.414475727469892, -0.04577232695750389, 1732915611355417562, 
0.015732109546661377, 0.00932234525680542, 0.0028818627837851538, 3.6552873369934485e-09, -0.0008204805740983814, -4.455056527097196e-06, 3.4144941917935365, -0.045773952645193065, 1732915611455220939, 
-0.02386075258255005, 0.011336266994476318, -0.017586580459372222, 1.9877003139234504e-09, -0.00024343920567726848, -8.165078868021689e-06, 3.4144367068433064, -0.045768891396148315, 1732915611550221830, 
0.007500350475311279, 0.004354894161224365, 0.0016257447307635488, 8.109368746933902e-10, -0.0003572579179233254, -2.2698919576288673e-06, 3.4144480435091618, -0.04576988953506867, 1732915611645120832, 
-0.015581667423248291, 0.004018545150756836, -0.01154523768582965, 2.3043697385396096e-10, -0.00012202040977555016, -1.8885117192921832e-06, 3.4144246223891814, -0.04576782739693753, 1732915611755653595, 
0.01939636468887329, 0.007319331169128418, 0.012145462390105388, 1.816525204479997e-10, -0.00016125878651641824, -1.1264658774392123e-06, 3.4144285289187852, -0.04576817135243306, 1732915611855239337, 
0.006078660488128662, 0.02863210439682007, 0.007496795610963399, -8.883203887438052e-10, 0.0002195185926725491, -4.04667494415333e-06, 3.4143905948803863, -0.04576483140049486, 1732915611951252351, 
0.01867067813873291, 0.010333240032196045, 0.016045807082214345, 2.403022107423891e-10, 0.00027670764693692694, 8.68433573854805e-07, 3.414384896299149, -0.04576432966173329, 1732915612065949360, 
0.01328951120376587, 0.004558444023132324, 0.013927589633512184, 2.2219134135417716e-10, 0.00042756185497352895, 5.196706365864499e-07, 3.4143698673676273, -0.04576300641580742, 1732915612155255588, 
0.0201379656791687, -0.006192207336425781, 0.01867339124541343, -8.640696842357591e-10, 0.0004535699266748857, -1.9050418324033095e-06, 3.4143672839095123, -0.045762778951742404, 1732915612255268592, 
-0.03624159097671509, -0.0009525418281555176, -0.023372979938496914, -1.9557829922846154e-10, 0.00029921154112578585, -6.536455729367811e-07, 3.4143826662171164, -0.045764133312982486, 1732915612351332917, 
0.032032132148742676, 0.0011197328567504883, 0.019047324672908976, 1.482882110181145e-10, -0.00023112133249872466, -6.416033059991672e-07, 3.4144355560541895, -0.04576879009829971, 1732915612445970269, 
0.023504197597503662, 0.021011531352996826, 0.022451542679756117, -1.5882971715427826e-09, 0.0004106080774537468, -3.868158613420598e-06, 3.4143717201815744, -0.04576316954536494, 1732915612555285657, 
-0.009409010410308838, 0.006565213203430176, -0.0019487295572831985, 6.103012000265938e-10, 0.0004801638692337978, 1.2710269121257653e-06, 3.4143648009129444, -0.045762560323713404, 1732915612655237056, 
-0.02579575777053833, -0.03337901830673218, -0.020204305064706895, 4.356621633665849e-10, -3.9232602205198786e-05, -1.1104595129528637e-05, 3.4144165346876583, -0.045767115349096756, 1732915612752306714, 
0.0471462607383728, 0.0014408230781555176, 0.031360031101870564, 4.209582282644497e-10, -0.00018272253018323712, -2.3038112915922626e-06, 3.4144308243735293, -0.04576837352239547, 1732915612845008114, 
-0.049077391624450684, 0.007634997367858887, -0.03022594493524547, -5.368211564761399e-10, 0.00033381833276184287, -1.6081236522714467e-06, 3.4143793531031252, -0.04576384155593314, 1732915612955285836, 
0.006032109260559082, -0.01889026165008545, -0.002459359008519176, 2.4360221685545395e-09, -0.00046805301042629303, -5.204586049635405e-06, 3.4144592287308826, -0.04577087449608371, 1732915613055242713, 
0.0031895041465759277, -0.000501096248626709, 0.0018678782424960344, 2.533229403841814e-10, -0.0001419919046882224, -1.7840660771500545e-06, 3.4144267470353378, -0.04576801451769998, 1732915613152296966, 
0.02117055654525757, -0.009316563606262207, 0.016643399435585248, -4.462179939423572e-12, 9.628575844764485e-05, -4.63430938423762e-08, 3.4144030103168705, -0.04576592451784938, 1732915613266355245, 
-0.040412962436676025, 0.010063469409942627, -0.02703965605522948, 2.4246646786041756e-10, 0.00015861428545690687, 1.528654667906896e-06, 3.4143967948829945, -0.045765377250709754, 1732915613355295946, 
0.014366447925567627, -0.02999722957611084, 0.0046670151051385715, 1.4976215152155743e-09, -0.0004122008847465453, -3.633232170611264e-06, 3.4144537101600614, -0.045770388609274036, 1732915613455285763, 
0.010843873023986816, 0.016560792922973633, 0.009395003442888114, -2.594375054060219e-10, 4.0172634196291614e-05, -6.458065561206612e-06, 3.4144086350143334, -0.04576641976749311, 1732915613552259809, 
-0.014800846576690674, 0.01466602087020874, -0.009130664210226225, -1.6857457041471468e-10, 0.000121464212436092, -1.3878538133477764e-06, 3.414400542358272, -0.045765707210340054, 1732915613667763610, 
-0.02904963493347168, -0.029183626174926758, -0.024374617098255752, 8.687834182485164e-10, -0.00027394257814637366, -3.171407030360596e-06, 3.414439946565274, -0.04576917676061357, 1732915613755377472, 
0.050140976905822754, 0.0013094544410705566, 0.0326772560155137, 2.0482836829731468e-10, -0.00030314545655800267, -6.756768536892904e-07, 3.414442853931412, -0.04576943275783172, 1732915613855257423, 
-0.036433279514312744, 0.00723344087600708, -0.02023832103792146, -5.808697342370904e-10, 0.0003868556688230531, -1.5015153739488795e-06, 3.4143741012694986, -0.04576337902926553, 1732915613953289578, 
0.0029757022857666016, -0.010500192642211914, -0.002461290126900821, 9.689067403685684e-10, -0.00027988714863867985, -3.4617764519777143e-06, 3.4144405135541267, -0.04576922669142811, 1732915614045714113, 
0.02665078639984131, 0.0004315376281738281, 0.019825618651635298, -7.37150262310721e-12, 6.2589588265029835e-06, -1.177752215255557e-06, 3.4144120093552455, -0.04576671686603668, 1732915614155292318, 
-0.019939899444580078, 0.014464199542999268, -0.01062273149035748, -1.2548247551258196e-10, 0.00028862262519806334, -4.34763128588659e-07, 3.414383888880969, -0.045764240819459824, 1732915614255306998, 
0.006354033946990967, -0.01244419813156128, 0.0023759989328870582, 2.7713667950643956e-10, -0.00010562706925856629, -2.6237278138242384e-06, 3.4144231647562595, -0.045767699119567976, 1732915614353327274, 
0.020651280879974365, -0.00682222843170166, 0.01636467422544363, -7.133301558916019e-12, 0.00011247672339888968, -6.34202468151418e-08, 3.4144013923520653, -0.0457657820252394, 1732915614445499957, 
0.01373976469039917, -0.008316755294799805, 0.014347637347527954, -2.3516245832834593e-10, 0.0003966208284003133, -5.929150500663928e-07, 3.4143731212374058, -0.04576329270487476, 1732915614555277450, 
0.026505231857299805, -0.0007704496383666992, 0.023645840279793544, -2.350077598035326e-10, 0.0004825470703259118, -4.870152038117413e-07, 3.4143645798725335, -0.04576254062315471, 1732915614655294829, 
-0.027143239974975586, 0.006318151950836182, -0.015244592883043875, 9.280421562252116e-10, 0.00044067644765865546, 2.1059490725133233e-06, 3.4143687539234837, -0.04576290815527296, 1732915614753344347, 
0.052134573459625244, -0.01893717050552368, 0.03633730053976335, -2.801275573683623e-10, 4.5755962654341845e-05, -6.1222088033543015e-06, 3.414408083649036, -0.04576637121356444, 1732915614845708266, 
0.0017987489700317383, 0.022913992404937744, 0.009882542702128246, -6.370302338968551e-10, 0.0007076241834484583, -9.002380766474397e-07, 3.4143421317996085, -0.04576056402874898, 1732915614955695324, 
-0.0017679333686828613, 0.008844256401062012, 0.0009568575808273239, 1.5419880365292427e-09, 0.0003450921511312379, 4.468337026717329e-06, 3.4143782402159037, -0.045763743459566374, 1732915615056274239, 
-0.028758466243743896, 0.0031557679176330566, -0.02179143319815073, -5.5106319628896126e-11, -2.9292230219280695e-05, 1.881260635205035e-06, 3.414415671296816, -0.0457670393515384, 1732915615153344227, 
0.03607302904129028, -0.011573851108551025, 0.022512147993256182, -1.2243433654717411e-10, -0.00025861627826703195, 4.7342084329570164e-07, 3.4144384282859486, -0.045769043147815075, 1732915615245904632, 
-0.01428896188735962, 0.011820077896118164, -0.005667055012607516, -8.872218656664594e-10, 0.00030320743128945966, -2.926121770476876e-06, 3.414382422549657, -0.045764111743817726, 1732915615355285711, 
-0.00030869245529174805, -0.027617931365966797, -0.0015641929798642972, 2.9277230550232377e-10, -3.768861167088305e-05, -7.768190244282991e-06, 3.4144163573429966, -0.04576709976444556, 1732915615456283761, 
-0.009870827198028564, 0.012085795402526855, -0.007921851698476078, 1.601852156839766e-10, -8.244512198300145e-05, -1.9429313927997296e-06, 3.4144208055335254, -0.04576749143631884, 1732915615554562298, 
0.006133675575256348, 0.010082602500915527, 0.002841189517734554, 9.622126508857317e-11, -0.0001421893753736299, -6.767120597845889e-07, 3.414426753965107, -0.045768015211595334, 1732915615664044939, 
-0.031053245067596436, 0.014789760112762451, -0.02310478887395692, 1.5820622277755176e-10, -0.00011740716043143884, -1.3475006311045055e-06, 3.4144242825194295, -0.04576779759061255, 1732915615755343411, 
0.02144324779510498, -0.03037351369857788, 0.011006414105127985, -1.0124054142371248e-09, -0.00037017665249181606, 2.7349250889330663e-06, 3.4144494643474808, -0.04577001492893937, 1732915615858630494, 
0.054467201232910156, 0.01138085126876831, 0.04427131262769991, -1.0245833374266746e-09, 0.00036435014976684806, -2.8120843042944197e-06, 3.414376264189436, -0.04576356942683774, 1732915615954348304, 
-0.012312710285186768, 0.006152153015136719, 0.0009363799469089759, 9.186585134980994e-10, 0.0008692920705647665, 1.0567892479466197e-06, 3.414325982677729, -0.04575914198647857, 1732915616047059309, 
0.0412026047706604, -0.004376828670501709, 0.03175489117714322, -1.244387285216797e-09, 0.00040436312782316246, -3.077400483856671e-06, 3.414372329980241, -0.045763223017889446, 1732915616156283641, 
0.04863983392715454, -0.0031871795654296875, 0.04466398651336561, -1.5592320937667963e-09, 0.000912849176623222, -1.7080938819867812e-06, 3.414321672032241, -0.04575876242474991, 1732915616258289152, 
0.03636813163757324, 0.0037343502044677734, 0.03828983507564574, 2.8368845909306152e-09, 0.0012214679643047796, 2.3225206667988863e-06, 3.414290928069198, -0.04575605531719701, 1732915616354663707, 
-0.016217708587646484, 0.020125091075897217, -0.003456792809260492, 1.7808736963312627e-08, 0.0009401267037301335, 1.8942911516770066e-05, 3.4143189888975236, -0.045758526155279255, 1732915616464138346, 
0.011136233806610107, 0.01133584976196289, 0.007711165932972519, 2.4891705775507406e-09, 0.0002041312632015533, 1.2193970382150654e-05, 3.414392320484258, -0.04576498320542447, 1732915616556516995, 
0.011856317520141602, 0.011235952377319336, 0.010879846628281502, 1.1108935176265136e-09, 0.000246683904007495, 4.5033076726107e-06, 3.414388094301071, -0.04576461107673554, 1732915616657561296, 
0.006541132926940918, 0.0077402591705322266, 0.007552742062844072, 6.047465183165925e-10, 0.0002930128430890489, 2.0638908245151743e-06, 3.414383484001245, -0.04576420513130557, 1732915616755629775, 
-0.009682655334472656, -0.03176271915435791, -0.0056451872913412535, -1.1344810619411662e-09, 0.0001687406642744702, -6.7232226850538055e-06, 3.414395864311797, -0.04576529521544044, 1732915616865498003, 
0.03332895040512085, -0.013392627239227295, 0.02419030613113667, -2.6658221411099515e-10, 8.0629856978908e-05, -3.3062468928939125e-06, 3.4144046462750324, -0.04576606846276267, 1732915616955467059, 
-0.03560793399810791, 0.03005284070968628, -0.021594868197639474, 2.331119844231497e-10, 0.0003191705026098198, 7.303681966755084e-07, 3.414380876735851, -0.04576397554800529, 1732915617055318505, 
-0.004040122032165527, -0.01711195707321167, -0.008148953138503855, 1.3758394717836996e-09, -0.0003531453940293903, -3.89595757171109e-06, 3.414447911436275, -0.04576987798812695, 1732915617155648858, 
0.017757713794708252, 0.0006796121597290039, 0.011687142573142243, 2.449888465323486e-10, -0.0001581500530148073, -1.5490911438987044e-06, 3.4144285085560986, -0.045768169553492416, 1732915617245993588, 
